Date,Open,High,Low,Close,Volume,Market Cap,,,
"Mar 20, 2018",556.72,567.09,521.2,557.18,"1,83,36,80,000","54,72,21,00,000",,,2.745995519
"Mar 19, 2018",546.63,558.1,519.12,556.73,"2,04,67,90,000","53,71,86,00,000",,,2.745644624
"Mar 18, 2018",551.64,551.64,460.09,538.64,"2,68,55,00,000","54,20,01,00,000",,,2.731298601
"Mar 17, 2018",601.68,609.15,549.1,552.78,"1,26,78,10,000","59,10,42,00,000",,,2.742552322
"Mar 16, 2018",611.78,623.17,587.86,601.67,"1,41,73,50,000","60,08,37,00,000",,,2.779358358
"Mar 15, 2018",614.84,620.62,579.51,611.3,"1,77,04,60,000","60,37,18,00,000",,,2.786254396
"Mar 14, 2018",691.22,702.78,594.1,614.29,"1,81,05,60,000","67,85,76,00,000",,,2.788373446
"Mar 13, 2018",698.15,713.74,682.35,690.83,"1,42,59,60,000","68,52,40,00,000",,,2.839371189
"Mar 12, 2018",724.41,742.51,683.27,699.83,"1,76,50,00,000","71,08,60,00,000",,,2.844992556
"Mar 11, 2018",685.31,735.83,668.12,723.34,"1,56,26,80,000","67,23,57,00,000",,,2.859342482
"Mar 10, 2018",730.16,748.03,682.7,686.89,"1,53,29,60,000","71,62,07,00,000",,,2.836887194
"Mar 09, 2018",702.2,729.16,648.11,728.92,"2,23,30,20,000","68,86,36,00,000",,,2.862679867
"Mar 08, 2018",752.57,773.77,696.17,704.6,"1,89,16,40,000","73,78,84,00,000",,,2.847942639
"Mar 07, 2018",816.27,825.61,726.55,752.83,"2,17,54,20,000","80,01,73,00,000",,,2.876696917
"Mar 06, 2018",853.82,853.82,809.93,816.95,"1,94,30,70,000","83,68,04,00,000",,,2.912195477
"Mar 05, 2018",866.85,869.92,853.52,853.68,"1,89,84,90,000","84,93,97,00,000",,,2.931295107
"Mar 04, 2018",856.19,867.95,840.28,866.68,"1,69,79,40,000","83,87,78,00,000",,,2.937858775
"Mar 03, 2018",856.71,868.45,855.21,857.23,"1,69,93,70,000","83,91,17,00,000",,,2.933097361
"Mar 02, 2018",871.76,876.38,852.42,856.85,"1,89,44,20,000","85,36,81,00,000",,,2.932904801
"Mar 01, 2018",856.01,880.3,851.92,872.2,"1,86,85,20,000","83,80,82,00,000",,,2.940616082
"Feb 28, 2018",877.93,890.11,855.12,855.2,"1,96,39,80,000","85,93,64,00,000",,,2.932067692
"Feb 27, 2018",870.37,896.26,867.1,878.27,"2,05,39,80,000","85,17,78,00,000",,,2.943628048
"Feb 26, 2018",845.28,880.39,842.32,869.32,"2,04,44,80,000","82,70,54,00,000",,,2.939179671
"Feb 25, 2018",839.46,853.15,822.38,844.81,"1,64,69,60,000","82,11,91,00,000",,,2.926759046
"Feb 24, 2018",861.59,879.53,818.55,840.52,"1,92,65,80,000","84,26,67,00,000",,,2.924548052
"Feb 23, 2018",811.59,886.32,794.79,864.19,"2,33,48,20,000","79,35,89,00,000",,,2.936609237
"Feb 22, 2018",849.26,875.93,802.67,812.85,"2,15,03,70,000","83,02,58,00,000",,,2.91001041
"Feb 21, 2018",894.14,912.38,830.56,849.97,"2,53,17,30,000","87,39,42,00,000",,,2.929403597
"Feb 20, 2018",943.57,965.27,892.95,895.37,"2,54,52,60,000","92,20,65,00,000",,,2.952002539
"Feb 19, 2018",921.67,957.78,921.55,943.87,"2,16,90,20,000","90,04,77,00,000",,,2.974912183
"Feb 18, 2018",973.35,982.93,915.45,923.92,"2,56,72,90,000","95,07,71,00,000",,,2.965634368
"Feb 17, 2018",944.75,976.6,940.75,974.12,"2,52,57,20,000","92,26,40,00,000",,,2.98861246
"Feb 16, 2018",934.79,950.01,917.85,944.21,"2,36,94,50,000","91,27,21,00,000",,,2.975068596
"Feb 15, 2018",923.73,951.95,911.11,936.98,"2,90,01,00,000","90,17,33,00,000",,,2.971730321
"Feb 14, 2018",844.28,926.43,844.28,923.56,"2,81,83,70,000","82,40,06,00,000",,,2.965465115
"Feb 13, 2018",869.29,870.71,828.84,845.26,"2,08,11,70,000","84,82,42,00,000",,,2.926990317
"Feb 12, 2018",817.51,875.94,817.51,868.71,"2,24,34,50,000","79,75,44,00,000",,,2.938874821
"Feb 11, 2018",859.29,859.29,788.22,814.66,"2,48,66,50,000","83,81,30,00,000",,,2.910976393
"Feb 10, 2018",882.47,917.4,825.58,860.42,"2,93,05,30,000","86,05,56,00,000",,,2.934710497
"Feb 09, 2018",818.48,884,788.83,883.87,"2,49,58,20,000","79,79,93,00,000",,,2.946388393
"Feb 08, 2018",755.84,845.09,755.84,817.81,"3,70,81,90,000","73,67,69,00,000",,,2.912652417
"Feb 07, 2018",790.43,851.2,723.43,757.07,"3,89,61,80,000","77,03,20,00,000",,,2.879136037
"Feb 06, 2018",707.74,796.44,574.42,793.12,"6,51,82,70,000","68,95,87,00,000",,,2.899338902
"Feb 05, 2018",834.96,856.65,644.6,697.95,"4,26,95,30,000","81,33,74,00,000",,,2.843824312
"Feb 04, 2018",964.67,969.03,805.06,834.68,"2,99,70,90,000","93,95,34,00,000",,,2.921520007
"Feb 03, 2018",919.21,991.94,847.69,964.02,"3,24,34,80,000","89,50,76,00,000",,,2.984086044
"Feb 02, 2018","1,035.77","1,035.77",757.98,915.79,"6,71,32,90,000","1,00,83,60,00,000",,,2.961795897
"Feb 01, 2018","1,119.37","1,161.35",984.82,"1,036.79","5,26,16,80,000","1,08,95,20,00,000",,,3.0156908
"Jan 31, 2018","1,071.09","1,128.66","1,034.50","1,118.31","3,75,75,60,000","1,04,23,10,00,000",,,3.048562208
"Jan 30, 2018","1,184.13","1,184.63","1,058.97","1,071.13","4,10,78,60,000","1,15,20,70,00,000",,,3.029842183
"Jan 29, 2018","1,246.70","1,256.70","1,169.08","1,182.36","3,71,50,80,000","1,21,26,90,00,000",,,3.072749729
"Jan 28, 2018","1,111.78","1,257.77","1,111.78","1,246.01","5,37,23,30,000","1,08,12,20,00,000",,,3.095521528
"Jan 27, 2018","1,055.75","1,121.98","1,042.12","1,107.07","3,00,28,70,000","1,02,65,10,00,000",,,3.044175082
"Jan 26, 2018","1,052.70","1,080.60",996.78,"1,055.17","3,61,76,90,000","1,02,33,40,00,000",,,3.023322435
"Jan 25, 2018","1,063.22","1,104.66","1,034.74","1,056.03","4,05,01,90,000","1,03,33,50,00,000",,,3.023676256
"Jan 24, 2018",987.48,"1,062.44",965.81,"1,058.78","3,94,40,40,000","95,95,27,00,000",,,3.024805729
"Jan 23, 2018","1,004.17","1,023.23",920.54,986.23,"3,55,67,00,000","97,55,43,00,000",,,2.993978209
"Jan 22, 2018","1,055.35","1,089.10",930.74,"1,003.26","3,81,01,00,000","1,02,50,40,00,000",,,3.001413497
"Jan 21, 2018","1,155.68","1,155.68","1,021.50","1,049.58","3,37,80,90,000","1,12,22,60,00,000",,,3.021015547
"Jan 20, 2018","1,044.95","1,167.11","1,044.95","1,155.15","3,97,51,90,000","1,01,45,10,00,000",,,3.062638382
"Jan 19, 2018","1,028.82","1,093.22","1,003.71","1,039.10","4,08,44,50,000","99,86,39,00,000",,,3.016657345
"Jan 18, 2018","1,016.44","1,100.31",967.76,"1,036.28","5,93,83,20,000","98,64,21,00,000",,,3.015477116
"Jan 17, 2018","1,061.34","1,090.23",780.92,"1,014.25","8,54,51,60,000","1,02,97,40,00,000",,,3.006145016
"Jan 16, 2018","1,292.63","1,292.63",875.55,"1,053.69","8,40,51,40,000","1,25,38,90,00,000",,,3.022712858
"Jan 15, 2018","1,365.21","1,390.59","1,290.60","1,291.92","4,78,11,00,000","1,32,40,40,00,000",,,3.111235622
"Jan 14, 2018","1,397.48","1,400.56","1,286.21","1,366.77","4,84,16,30,000","1,35,50,30,00,000",,,3.135695438
"Jan 13, 2018","1,270.47","1,432.88","1,270.47","1,396.42","5,74,67,60,000","1,23,16,30,00,000",,,3.14501606
"Jan 12, 2018","1,158.29","1,296.04","1,120.09","1,273.20","5,22,23,00,000","1,12,26,30,00,000",,,3.10489663
"Jan 11, 2018","1,268.09","1,337.30","1,135.17","1,154.93","7,23,59,00,000","1,22,87,90,00,000",,,3.062555663
"Jan 10, 2018","1,300.34","1,417.38","1,226.60","1,255.82","9,21,49,50,000","1,25,97,60,00,000",,,3.098927395
"Jan 09, 2018","1,146.00","1,320.98","1,145.49","1,299.74","7,96,54,60,000","1,10,99,90,00,000",,,3.113856485
"Jan 08, 2018","1,158.26","1,266.93","1,016.05","1,148.53","8,45,09,70,000","1,12,16,40,00,000",,,3.060142344
"Jan 07, 2018","1,043.01","1,153.17","1,043.01","1,153.17","5,56,98,80,000","1,00,98,10,00,000",,,3.061893336
"Jan 06, 2018",995.15,"1,060.71",994.62,"1,041.68","4,66,22,20,000","96,32,65,00,000",,,3.017734326
"Jan 05, 2018",975.75,"1,075.39",956.33,997.72,"6,68,31,50,000","94,42,39,00,000",,,2.999008678
"Jan 04, 2018",961.71,"1,045.08",946.09,980.92,"6,50,28,60,000","93,04,94,00,000",,,2.991633589
"Jan 03, 2018",886,974.47,868.45,962.72,"5,09,31,60,000","85,70,35,00,000",,,2.983499994
"Jan 02, 2018",772.35,914.83,772.35,884.44,"5,78,33,50,000","74,69,57,00,000",,,2.946668376
"Jan 01, 2018",755.76,782.53,742,772.64,"2,59,57,60,000","73,07,58,00,000",,,2.887977188
"Dec 31, 2017",712.21,760.35,710.12,756.73,"2,55,42,70,000","68,85,08,00,000",,,2.878940952
"Dec 30, 2017",753.82,753.82,685.23,717.26,"3,18,77,80,000","72,85,69,00,000",,,2.855676612
"Dec 29, 2017",740.39,770.12,729.61,753.59,"2,64,89,70,000","71,54,43,00,000",,,2.877135127
"Dec 28, 2017",762.21,763.32,701.19,737.02,"2,38,91,50,000","73,63,71,00,000",,,2.867479273
"Dec 27, 2017",774.97,789.25,738.41,762.84,"2,10,00,30,000","74,85,41,00,000",,,2.882433457
"Dec 26, 2017",763.37,786.79,760.94,773.84,"2,20,11,60,000","73,71,78,00,000",,,2.888651175
"Dec 25, 2017",698.87,782.52,698.87,765.83,"2,49,17,60,000","67,47,51,00,000",,,2.884132375
"Dec 24, 2017",721.77,721.77,614.92,694.15,"2,30,05,50,000","69,67,12,00,000",,,2.841453328
"Dec 23, 2017",681.32,763.9,679.73,719.39,"2,48,03,40,000","65,75,21,00,000",,,2.856964397
"Dec 22, 2017",822.64,827.68,543.76,674.86,"4,97,77,10,000","79,37,44,00,000",,,2.829213688
"Dec 21, 2017",820.24,880.54,792.69,821.06,"3,56,90,60,000","79,12,53,00,000",,,2.914374895
"Dec 20, 2017",827.52,845.06,756,819.09,"3,96,99,40,000","79,81,06,00,000",,,2.913331624
"Dec 19, 2017",793.9,881.94,785.34,826.82,"4,09,65,50,000","76,55,22,00,000",,,2.917410973
"Dec 18, 2017",721.73,803.93,689.23,794.65,"3,24,92,30,000","69,57,84,00,000",,,2.900175888
"Dec 17, 2017",696.24,735.83,696.24,719.98,"2,14,73,90,000","67,10,64,00,000",,,2.857320433
"Dec 16, 2017",686.19,718.39,680.79,696.21,"2,16,56,90,000","66,12,42,00,000",,,2.842740257
"Dec 15, 2017",696.38,697.13,621.06,684.45,"2,75,87,10,000","67,09,09,00,000",,,2.835341728
"Dec 14, 2017",700.59,753.12,664.99,695.82,"3,82,15,80,000","67,48,29,00,000",,,2.842496908
"Dec 13, 2017",644.91,747.99,597.8,702.77,"4,52,45,40,000","62,10,56,00,000",,,2.846813214
"Dec 12, 2017",522.29,657.32,504.49,651.43,"5,17,98,30,000","50,28,64,00,000",,,2.813867755
"Dec 11, 2017",440.36,516.97,439.1,515.14,"1,77,14,40,000","42,38,93,00,000",,,2.711925274
"Dec 10, 2017",472.79,472.79,429.51,441.72,"1,40,41,80,000","45,50,14,00,000",,,2.645147063
"Dec 09, 2017",457.34,504.15,456.25,473.5,"2,00,38,50,000","44,00,56,00,000",,,2.675319983
"Dec 08, 2017",434.99,466.06,422.37,456.03,"2,33,63,80,000","41,84,58,00,000",,,2.658993414
"Dec 07, 2017",426.37,441.4,414.41,434.41,"2,12,95,70,000","41,00,76,00,000",,,2.637899814
"Dec 06, 2017",462.6,462.71,420.21,428.59,"1,99,82,60,000","44,48,31,00,000",,,2.632042034
"Dec 05, 2017",470.29,473.56,457.66,463.28,"1,21,67,20,000","45,21,28,00,000",,,2.665843552
"Dec 04, 2017",466.05,474.78,453.31,470.2,"1,00,55,50,000","44,79,57,00,000",,,2.672282625
"Dec 03, 2017",463.71,482.81,451.85,465.85,"99,05,57,000","44,56,05,00,000",,,2.6682461
"Dec 02, 2017",466.85,476.24,456.65,463.45,"94,36,50,000","44,85,33,00,000",,,2.666002886
"Dec 01, 2017",445.21,472.61,428.31,466.54,"1,24,78,80,000","42,76,50,00,000",,,2.668888885
"Nov 30, 2017",431.22,465.5,401.24,447.11,"1,90,30,40,000","41,41,19,00,000",,,2.650414383
"Nov 29, 2017",473.28,522.31,425.07,427.52,"2,67,59,40,000","45,44,21,00,000",,,2.630956436
"Nov 28, 2017",480.52,482.48,466.35,472.9,"1,34,65,00,000","46,12,72,00,000",,,2.674769314
"Nov 27, 2017",471.53,493.41,468.49,480.36,"1,39,64,80,000","45,25,50,00,000",,,2.681566836
"Nov 26, 2017",465.97,472.72,451.61,471.33,"1,19,77,80,000","44,71,21,00,000",,,2.673325083
"Nov 25, 2017",475.68,485.19,461.05,466.28,"1,42,20,80,000","45,63,34,00,000",,,2.668646788
"Nov 24, 2017",412.5,480.97,402.76,474.91,"2,29,28,30,000","39,56,43,00,000",,,2.676611314
"Nov 23, 2017",381.44,425.55,376.09,410.17,"1,84,56,80,000","36,57,73,00,000",,,2.612963893
"Nov 22, 2017",360.31,381.42,360.15,380.65,"80,08,19,000","34,54,40,00,000",,,2.580525834
"Nov 21, 2017",367.44,372.47,350.69,360.4,"94,99,12,000","35,22,02,00,000",,,2.556784782
"Nov 20, 2017",354.09,372.14,353.29,366.73,"80,70,27,000","33,93,34,00,000",,,2.564346438
"Nov 19, 2017",347.4,371.29,344.74,354.39,"1,18,15,30,000","33,28,49,00,000",,,2.549481459
"Nov 18, 2017",331.98,349.62,327.69,347.61,"64,96,39,000","31,80,07,00,000",,,2.541092262
"Nov 17, 2017",330.17,334.96,327.52,332.39,"62,17,33,000","31,62,03,00,000",,,2.521647949
"Nov 16, 2017",333.44,336.16,323.61,330.92,"79,72,54,000","31,92,73,00,000",,,2.519723016
"Nov 15, 2017",337.96,340.91,329.81,333.36,"72,26,66,000","32,35,32,00,000",,,2.522913487
"Nov 14, 2017",316.76,340.18,316.76,337.63,"1,06,96,80,000","30,31,73,00,000",,,2.528441029
"Nov 13, 2017",307.03,328.42,307.03,316.72,"1,04,18,90,000","29,37,90,00,000",,,2.500675489
"Nov 12, 2017",314.69,319.15,298.51,307.91,"1,61,34,80,000","30,10,62,00,000",,,2.488423794
"Nov 11, 2017",298.59,319.45,298.19,314.68,"84,23,01,000","28,55,94,00,000",,,2.497869141
"Nov 10, 2017",320.67,324.72,294.54,299.25,"88,59,86,000","30,66,52,00,000",,,2.476034159
"Nov 09, 2017",308.65,329.45,307.06,320.88,"89,32,50,000","29,50,90,00,000",,,2.506342649
"Nov 08, 2017",294.27,318.7,293.1,309.07,"96,79,56,000","28,12,87,00,000",,,2.490056852
"Nov 07, 2017",298.57,304.84,290.77,294.66,"54,07,66,000","28,53,33,00,000",,,2.469321185
"Nov 06, 2017",296.43,305.42,293.72,298.89,"57,93,59,000","28,32,27,00,000",,,2.475511385
"Nov 05, 2017",300.04,301.37,295.12,296.26,"33,76,58,000","28,66,15,00,000",,,2.471673019
"Nov 04, 2017",305.48,305.48,295.8,300.47,"41,64,79,000","29,17,53,00,000",,,2.477801117
"Nov 03, 2017",288.5,308.31,287.69,305.71,"64,63,40,000","27,54,74,00,000",,,2.485309645
"Nov 02, 2017",290.73,293.91,281.17,287.43,"90,49,01,000","27,75,42,00,000",,,2.458532095
"Nov 01, 2017",305.76,306.4,290.58,291.69,"55,38,64,000","29,18,36,00,000",,,2.46492154
"Oct 31, 2017",307.38,310.55,305.88,305.88,"36,95,83,000","29,33,15,00,000",,,2.485551082
"Oct 30, 2017",304.78,310.5,304.35,307.75,"33,14,42,000","29,07,76,00,000",,,2.488198062
"Oct 29, 2017",296.38,313.76,296.38,305.09,"55,17,52,000","28,27,02,00,000",,,2.484427973
"Oct 28, 2017",297.92,300.36,293.59,296.3,"26,44,24,000","28,41,04,00,000",,,2.471731651
"Oct 27, 2017",296.51,299.26,294.06,297.42,"25,71,69,000","28,27,01,00,000",,,2.473370169
"Oct 26, 2017",298.02,301.07,295.22,296.53,"27,02,73,000","28,40,84,00,000",,,2.472068638
"Oct 25, 2017",298.44,301.85,290.72,297.93,"32,50,40,000","28,44,20,00,000",,,2.474114237
"Oct 24, 2017",287.12,311.96,282.66,298.33,"68,42,81,000","27,35,75,00,000",,,2.474696928
"Oct 23, 2017",295.1,295.75,277.58,286.95,"48,23,36,000","28,11,14,00,000",,,2.457806229
"Oct 22, 2017",300.55,305.5,292.81,295.45,"32,73,87,000","28,62,48,00,000",,,2.470483994
"Oct 21, 2017",303.57,303.93,291.77,300.19,"40,80,14,000","28,90,66,00,000",,,2.477396221
"Oct 20, 2017",308.05,311.44,303.49,304.01,"39,66,73,000","29,32,63,00,000",,,2.482887869
"Oct 19, 2017",314.54,316.71,305.83,308.09,"34,98,30,000","29,93,79,00,000",,,2.488677602
"Oct 18, 2017",316.94,317.24,290.64,314.32,"60,61,14,000","30,16,05,00,000",,,2.497372016
"Oct 17, 2017",333.48,333.48,311.79,317.08,"50,99,24,000","31,72,77,00,000",,,2.50116885
"Oct 16, 2017",336.71,349.35,332.04,333.38,"69,28,85,000","32,02,92,00,000",,,2.522939542
"Oct 15, 2017",339.53,342.72,320.43,336.6,"63,54,07,000","32,29,21,00,000",,,2.527114112
"Oct 14, 2017",338.85,347.98,334.7,339.63,"51,65,62,000","32,22,24,00,000",,,2.531006045
"Oct 13, 2017",304.08,348.6,299.66,338.76,"1,30,43,60,000","28,91,11,00,000",,,2.529892124
"Oct 12, 2017",303.5,309.15,303.29,304.14,"52,75,57,000","28,85,12,00,000",,,2.483073542
"Oct 11, 2017",301.18,304.39,299.1,303.46,"26,41,46,000","28,62,63,00,000",,,2.482101453
"Oct 10, 2017",297.6,306.15,293.17,299.87,"35,97,06,000","28,28,14,00,000",,,2.47693302
"Oct 09, 2017",308.67,309.31,288.19,297.39,"55,94,67,000","29,32,83,00,000",,,2.473326361
"Oct 08, 2017",311.06,312.54,308.03,308.61,"29,31,67,000","29,55,09,00,000",,,2.489409995
"Oct 07, 2017",308.89,313.13,304.98,311.12,"34,22,05,000","29,34,04,00,000",,,2.49292793
"Oct 06, 2017",295.16,308.84,294.95,308.59,"31,86,64,000","28,03,11,00,000",,,2.489381848
"Oct 05, 2017",292.77,298.04,288.84,295.86,"25,37,47,000","27,80,04,00,000",,,2.471086253
"Oct 04, 2017",292.75,299.39,290.9,292.66,"25,79,06,000","27,79,41,00,000",,,2.466363368
"Oct 03, 2017",297.48,300.11,288.13,292.46,"32,16,80,000","28,23,85,00,000",,,2.466066476
"Oct 02, 2017",302.48,302.92,294.58,297.48,"33,94,43,000","28,70,85,00,000",,,2.473457773
"Oct 01, 2017",301.55,303.19,295.06,302.34,"30,61,85,000","28,61,52,00,000",,,2.480495609
"Sep 30, 2017",291.48,303.96,291.11,301.47,"33,24,39,000","27,65,52,00,000",,,2.479244101
"Sep 29, 2017",299.12,299.92,279.77,291.47,"54,13,75,000","28,37,59,00,000",,,2.464593861
"Sep 28, 2017",306.47,307.2,295.47,299.16,"50,18,94,000","29,06,87,00,000",,,2.475903525
"Sep 27, 2017",287.02,308.02,286.82,306.47,"55,02,44,000","27,21,94,00,000",,,2.486387968
"Sep 26, 2017",292.35,293.75,287.02,287.44,"34,58,01,000","27,72,00,00,000",,,2.458547204
"Sep 25, 2017",282.22,293.52,281.88,292.33,"48,31,61,000","26,75,55,00,000",,,2.465873387
"Sep 24, 2017",286.21,292.95,278.13,282.48,"57,14,11,000","27,12,99,00,000",,,2.450987705
"Sep 23, 2017",264.6,286.17,261.12,286.17,"45,09,34,000","25,07,71,00,000",,,2.456624104
"Sep 22, 2017",258.11,270.54,256.22,264.31,"43,00,81,000","24,45,84,00,000",,,2.422113595
"Sep 21, 2017",283.26,286.61,255.02,258.58,"60,12,66,000","26,83,60,00,000",,,2.412594931
"Sep 20, 2017",282.02,290.89,278.05,283.74,"42,14,04,000","26,71,24,00,000",,,2.452920564
"Sep 19, 2017",293.66,295.77,274.48,282.8,"64,69,09,000","27,80,93,00,000",,,2.451479405
"Sep 18, 2017",252.23,293.5,252.23,293.5,"1,12,77,50,000","23,88,12,00,000",,,2.467608106
"Sep 17, 2017",245.85,257,235.24,251.75,"42,74,52,000","23,27,25,00,000",,,2.400969479
"Sep 16, 2017",250.87,262.59,238.22,246.52,"71,17,37,000","23,74,26,00,000",,,2.391852159
"Sep 15, 2017",215.22,258.66,195.04,250.46,"1,93,57,00,000","20,36,49,00,000",,,2.398738376
"Sep 14, 2017",276.59,280.84,213.91,213.91,"1,18,45,90,000","26,16,61,00,000",,,2.330231088
"Sep 13, 2017",291.12,291.12,260.61,277.11,"92,16,92,000","27,53,57,00,000",,,2.442652198
"Sep 12, 2017",294.63,311.2,287.23,291.46,"75,31,44,000","27,86,18,00,000",,,2.464578961
"Sep 11, 2017",289.75,300.69,286.69,294.53,"57,13,07,000","27,39,44,00,000",,,2.469129537
"Sep 10, 2017",294.06,294.76,268.97,288.75,"69,83,26,000","27,79,72,00,000",,,2.460521993
"Sep 09, 2017",296.17,299.89,287.22,294.41,"52,86,21,000","27,99,05,00,000",,,2.468952557
"Sep 08, 2017",329.64,329.64,285.16,296.5,"1,09,87,80,000","31,14,72,00,000",,,2.472024698
"Sep 07, 2017",333.52,333.52,319.94,329.43,"71,86,24,000","31,50,75,00,000",,,2.517763146
"Sep 06, 2017",313.8,334.66,313.49,334.34,"1,05,88,30,000","29,63,91,00,000",,,2.524188338
"Sep 05, 2017",297.57,318.57,268.29,312.99,"1,55,10,50,000","28,10,00,00,000",,,2.495530462
"Sep 04, 2017",347.13,347.13,279.94,295.17,"1,80,16,90,000","32,77,40,00,000",,,2.470072215
"Sep 03, 2017",350.23,366.49,332.23,347.48,"98,62,66,000","33,05,98,00,000",,,2.540929813
"Sep 02, 2017",387.82,389.35,328.1,348.98,"1,48,36,00,000","36,60,12,00,000",,,2.542800538
"Sep 01, 2017",383.47,390.04,383.47,387.74,"87,42,22,000","36,18,29,00,000",,,2.588540606
"Aug 31, 2017",378.44,386.14,376.35,383.04,"70,62,54,000","35,70,15,00,000",,,2.583244129
"Aug 30, 2017",369.47,388.75,361.97,378.49,"1,33,33,20,000","34,84,84,00,000",,,2.57805441
"Aug 29, 2017",347.97,373.76,347.79,370.67,"1,22,00,30,000","32,81,32,00,000",,,2.568987438
"Aug 28, 2017",350.04,352.05,338.41,347.75,"85,43,19,000","33,00,27,00,000",,,2.541267139
"Aug 27, 2017",334.36,347.89,334.36,347.89,"63,33,70,000","31,51,75,00,000",,,2.541441945
"Aug 26, 2017",331.99,334.99,327.92,333.88,"51,41,81,000","31,28,83,00,000",,,2.523590405
"Aug 25, 2017",326.11,336.4,325.8,331.92,"76,03,29,000","30,72,79,00,000",,,2.521033422
"Aug 24, 2017",317.45,327.96,317.08,325.61,"69,76,65,000","29,90,46,00,000",,,2.512697734
"Aug 23, 2017",315.27,324.21,314.54,317.52,"81,19,90,000","29,69,19,00,000",,,2.501771086
"Aug 22, 2017",321.06,327.36,297.91,314.79,"1,33,64,00,000","30,22,99,00,000",,,2.498020928
"Aug 21, 2017",300.48,347.05,297.23,321.59,"2,44,89,70,000","28,28,55,00,000",,,2.507302536
"Aug 20, 2017",296.64,301.43,291.58,301.43,"57,19,47,000","27,91,81,00,000",,,2.479186474
"Aug 19, 2017",296.18,301.67,286.18,297.47,"86,02,02,000","27,86,79,00,000",,,2.473443173
"Aug 18, 2017",301.7,307.96,292.5,295.59,"93,61,60,000","28,38,02,00,000",,,2.470689738
"Aug 17, 2017",302.81,311.03,300.25,301.46,"90,94,94,000","28,47,75,00,000",,,2.479229695
"Aug 16, 2017",289.82,303.41,285.39,302.27,"96,76,43,000","27,24,97,00,000",,,2.480395046
"Aug 15, 2017",299.95,300.41,279.33,289.82,"1,05,18,00,000","28,19,58,00,000",,,2.462128352
"Aug 14, 2017",298.03,306.81,296.41,300.1,"86,43,91,000","28,00,87,00,000",,,2.477265995
"Aug 13, 2017",310.37,310.82,289.31,298.06,"1,36,93,70,000","29,16,11,00,000",,,2.474303697
"Aug 12, 2017",308.71,317.56,307.9,310.6,"1,11,16,50,000","28,99,87,00,000",,,2.492201451
"Aug 11, 2017",294.5,309.21,294.5,308.86,"95,35,76,000","27,65,70,00,000",,,2.489761667
"Aug 10, 2017",296.96,306.59,289.93,295.89,"1,07,68,20,000","27,88,22,00,000",,,2.471130288
"Aug 09, 2017",297.63,318.72,276.69,296.03,"2,63,85,80,000","27,93,87,00,000",,,2.471335725
"Aug 08, 2017",269.1,298.91,266.8,296.77,"1,50,24,10,000","25,25,46,00,000",,,2.472419997
"Aug 07, 2017",261.24,271.96,256.69,269.18,"93,57,27,000","24,51,10,00,000",,,2.430042789
"Aug 06, 2017",256.42,271.05,252.85,261.57,"1,48,29,80,000","24,05,35,00,000",,,2.417587932
"Aug 05, 2017",222.85,256.51,221.95,256.51,"1,33,30,00,000","20,90,00,00,000",,,2.409104301
"Aug 04, 2017",225.31,227.62,222.06,223.07,"53,97,83,000","21,12,56,00,000",,,2.348441167
"Aug 03, 2017",220.18,228.29,219.89,225.34,"55,72,17,000","20,64,01,00,000",,,2.35283829
"Aug 02, 2017",227.01,229.51,218.12,219.95,"63,26,06,000","21,27,52,00,000",,,2.342323966
"Aug 01, 2017",204.69,227.74,204.69,226.77,"1,58,53,30,000","19,17,91,00,000",,,2.3555856
"Jul 31, 2017",197.41,203.87,193.41,203.87,"56,94,14,000","18,49,20,00,000",,,2.309353323
"Jul 30, 2017",206.74,208.54,196.15,197.98,"59,62,34,000","19,36,09,00,000",,,2.29662132
"Jul 29, 2017",193.34,208.68,179.65,205.79,"82,43,55,000","18,10,18,00,000",,,2.313424267
"Jul 28, 2017",204.33,204.9,192.3,193.12,"56,25,71,000","19,12,51,00,000",,,2.285827253
"Jul 27, 2017",204.86,206.44,201.26,204.32,"39,32,83,000","19,16,98,00,000",,,2.31031088
"Jul 26, 2017",207.09,210.77,194.78,203.95,"71,76,92,000","19,37,34,00,000",,,2.30952371
"Jul 25, 2017",224.37,225.32,195.85,206.71,"1,09,57,60,000","20,98,52,00,000",,,2.315361487
"Jul 24, 2017",226.29,227.54,222.45,224.71,"43,16,91,000","21,15,85,00,000",,,2.3516224
"Jul 23, 2017",229.12,231.68,217.72,225.95,"64,96,15,000","21,41,83,00,000",,,2.354012346
"Jul 22, 2017",217.86,232.7,216.87,229.48,"61,82,60,000","20,36,01,00,000",,,2.360744841
"Jul 21, 2017",226.06,235.12,213.01,218.31,"1,00,61,30,000","21,12,11,00,000",,,2.33907363
"Jul 20, 2017",205.42,233.9,203.22,227.27,"2,22,50,00,000","19,18,78,00,000",,,2.356542112
"Jul 19, 2017",234.94,245.65,191.75,199.7,"2,32,87,90,000","21,93,93,00,000",,,2.300378065
"Jul 18, 2017",195.03,267.99,182.06,234.39,"2,70,92,60,000","18,20,74,00,000",,,2.369939079
"Jul 17, 2017",159.99,194.75,158.04,193.42,"1,66,95,00,000","14,93,27,00,000",,,2.286501379
"Jul 16, 2017",169.57,172.01,133.72,157.36,"1,51,68,90,000","15,82,31,00,000",,,2.196894347
"Jul 15, 2017",199.71,200.16,170.66,170.66,"81,04,52,000","18,63,02,00,000",,,2.232131741
"Jul 14, 2017",209.53,211.1,187.37,199.66,"74,93,82,000","19,54,13,00,000",,,2.300291067
"Jul 13, 2017",231.81,231.81,200.07,209.73,"82,84,89,000","21,61,39,00,000",,,2.321660557
"Jul 12, 2017",197.15,230.77,189.59,230.77,"1,24,11,90,000","18,37,76,00,000",,,2.36317935
"Jul 11, 2017",211.53,220.29,183.39,197.4,"1,44,09,50,000","19,71,23,00,000",,,2.295347148
"Jul 10, 2017",243.01,243.07,196.97,215.36,"93,72,19,000","22,64,05,00,000",,,2.333165043
"Jul 09, 2017",251.82,255.11,242.14,242.14,"50,51,18,000","23,45,47,00,000",,,2.384066538
"Jul 08, 2017",245.89,273.48,236.55,251.7,"75,49,58,000","22,89,07,00,000",,,2.400883216
"Jul 07, 2017",270.35,273.94,244.17,245.99,"68,72,52,000","25,16,08,00,000",,,2.390917452
"Jul 06, 2017",268.86,278.48,265.51,270.55,"62,30,80,000","25,01,95,00,000",,,2.432247538
"Jul 05, 2017",273.1,275.13,261.45,268.77,"79,02,56,000","25,40,69,00,000",,,2.429380791
"Jul 04, 2017",282.19,287.39,273.11,273.3,"68,76,91,000","26,24,50,00,000",,,2.436639632
"Jul 03, 2017",288.41,291.1,281.18,282.9,"85,14,08,000","26,81,59,00,000",,,2.451632947
"Jul 02, 2017",275.12,295.51,262.52,287.99,"1,12,33,30,000","25,57,28,00,000",,,2.459377408
"Jul 01, 2017",293.35,293.75,268.62,274.6,"1,08,92,00,000","27,25,94,00,000",,,2.438700533
"Jun 30, 2017",303.15,315.17,288.44,294.92,"1,01,18,00,000","28,16,19,00,000",,,2.469704225
"Jun 29, 2017",328.37,330.71,297.37,302.88,"1,50,85,80,000","30,49,53,00,000",,,2.481270597
"Jun 28, 2017",293.04,333.1,276.41,327.93,"2,05,65,50,000","27,20,70,00,000",,,2.515781149
"Jun 27, 2017",272.69,293.09,227.14,293.09,"1,97,38,70,000","25,30,97,00,000",,,2.467001001
"Jun 26, 2017",302.96,311.46,238.65,272.69,"2,08,18,10,000","28,11,12,00,000",,,2.435669212
"Jun 25, 2017",323.47,332.79,284.65,303.25,"1,18,68,80,000","30,00,59,00,000",,,2.48180081
"Jun 24, 2017",341.63,343.62,322.09,323.7,"67,35,85,000","31,68,13,00,000",,,2.510142699
"Jun 23, 2017",336.49,348.01,334.99,341.74,"59,32,07,000","31,19,59,00,000",,,2.533695815
"Jun 22, 2017",337.73,342.03,330.62,336.37,"92,57,67,000","31,30,26,00,000",,,2.526817255
"Jun 21, 2017",359.54,361.34,319.48,336.87,"1,42,01,30,000","33,31,05,00,000",,,2.527462337
"Jun 20, 2017",370.33,377.97,350.94,359.01,"1,02,03,90,000","34,30,40,00,000",,,2.555106546
"Jun 19, 2017",371.86,377.12,369.76,370.06,"68,51,72,000","34,43,57,00,000",,,2.568272144
"Jun 18, 2017",379.52,390.58,368.84,371.46,"90,47,03,000","35,13,38,00,000",,,2.569912054
"Jun 17, 2017",369.88,379.41,364,379.41,"90,46,53,000","34,23,13,00,000",,,2.579108773
"Jun 16, 2017",361.18,373.06,341.42,370.23,"1,09,62,80,000","33,41,58,00,000",,,2.568471607
"Jun 15, 2017",358.51,364.44,300.7,361.93,"2,46,34,50,000","33,15,82,00,000",,,2.558624583
"Jun 14, 2017",397.59,399.32,342.22,359.05,"1,27,25,80,000","36,76,16,00,000",,,2.555154931
"Jun 13, 2017",395.69,411.18,370.06,397.54,"1,71,73,80,000","36,57,45,00,000",,,2.599380833
"Jun 12, 2017",341.16,414.76,341.16,401.49,"2,88,26,50,000","31,52,53,00,000",,,2.603674733
"Jun 11, 2017",338.79,353.01,318.17,340.61,"1,37,32,20,000","31,29,68,00,000",,,2.532257394
"Jun 10, 2017",282.01,350.26,282.01,337.67,"1,61,16,30,000","26,04,37,00,000",,,2.528492478
"Jun 09, 2017",261.75,282.76,261.75,281.74,"55,79,86,000","24,16,50,00,000",,,2.44984851
"Jun 08, 2017",257.99,262.25,253.98,261.67,"38,54,94,000","23,81,09,00,000",,,2.417753934
"Jun 07, 2017",264.26,264.67,254.04,258.07,"46,16,49,000","24,38,22,00,000",,,2.411737522
"Jun 06, 2017",248.6,267.51,246.84,264.47,"74,15,53,000","22,93,04,00,000",,,2.422376415
"Jun 05, 2017",245.26,249.47,243.05,248.46,"43,56,60,000","22,61,58,00,000",,,2.395256481
"Jun 04, 2017",224.12,250.41,223.98,245.33,"75,38,20,000","20,65,98,00,000",,,2.389750659
"Jun 03, 2017",223.46,225.97,219.42,224.38,"42,78,96,000","20,59,35,00,000",,,2.350984144
"Jun 02, 2017",222.29,229.41,219.58,223.78,"46,95,32,000","20,47,90,00,000",,,2.34982127
"Jun 01, 2017",230.89,236.22,214.48,222.24,"81,29,24,000","21,26,48,00,000",,,2.346822228
"May 31, 2017",231.58,236.97,215.57,230.67,"1,27,16,00,000","21,32,19,00,000",,,2.362991116
"May 30, 2017",195.61,233.71,189.29,231.91,"1,58,66,70,000","18,00,47,00,000",,,2.365319476
"May 29, 2017",170.14,197.13,164.53,194.91,"71,88,28,000","15,65,46,00,000",,,2.289834121
"May 28, 2017",158.82,179.94,157.6,170.51,"71,79,71,000","14,60,86,00,000",,,2.231749854
"May 27, 2017",159.82,166.95,120.44,157.76,"1,21,70,60,000","14,69,60,00,000",,,2.197996898
"May 26, 2017",175.22,193.69,150.28,160.4,"79,24,58,000","16,10,70,00,000",,,2.205204364
"May 25, 2017",189.85,210.98,170.51,174.45,"94,36,37,000","17,44,66,00,000",,,2.241670974
"May 24, 2017",182.65,228.37,182.45,190.05,"56,10,14,000","16,77,97,00,000",,,2.278867874
"May 23, 2017",170.82,183.55,169.93,181.95,"53,07,09,000","15,68,80,00,000",,,2.25995206
"May 22, 2017",158.17,201.75,152.47,174.26,"1,18,89,10,000","14,52,21,00,000",,,2.24119771
"May 21, 2017",127.54,159.03,125.89,157.94,"57,03,61,000","11,70,57,00,000",,,2.198492134
"May 20, 2017",129.22,133.64,124.7,126.52,"33,14,55,000","11,85,66,00,000",,,2.102159183
"May 19, 2017",97.05,133.56,97.05,129.53,"62,69,45,000","8,90,22,40,000",,,2.112370366
"May 18, 2017",89.84,97.37,89.84,96.91,"19,62,37,000","8,23,81,10,000",,,1.986368594
"May 17, 2017",89.25,91.27,84.43,89.86,"18,30,31,000","8,18,15,20,000",,,1.953566414
"May 16, 2017",92.39,93.56,89.12,89.44,"15,22,85,000","8,46,64,70,000",,,1.951531791
"May 15, 2017",90.78,95.43,86.83,92.41,"17,09,99,000","8,31,69,30,000",,,1.96571897
"May 14, 2017",90.87,91.25,89.61,90.79,"6,60,46,600","8,32,23,80,000",,,1.958038016
"May 13, 2017",88.69,93.81,86.66,90.84,"8,87,42,200","8,12,03,90,000",,,1.958277126
"May 12, 2017",89.43,93.12,88.66,88.66,"14,58,25,000","8,18,49,30,000",,,1.947727727
"May 11, 2017",89.77,102.55,88.48,89.88,"13,27,22,000","8,21,35,70,000",,,1.953663064
"May 10, 2017",91.15,92.85,85.29,89.52,"14,56,02,000","8,33,71,80,000",,,1.951920074
"May 09, 2017",91.23,93.06,80.39,91.16,"36,34,34,000","8,34,14,90,000",,,1.959804317
"May 08, 2017",93.75,95.14,89.51,91.42,"23,13,44,000","8,56,90,60,000",,,1.961041217
"May 07, 2017",97.87,98.24,89.87,94.01,"18,32,95,000","8,94,29,50,000",,,1.973174053
"May 06, 2017",94.91,97.88,90.95,97.81,"15,14,62,000","8,66,99,10,000",,,1.990383259
"May 05, 2017",96.73,103.23,92.22,94.4,"33,19,28,000","8,83,35,20,000",,,1.974971994
"May 04, 2017",79.72,97.56,79.43,96.98,"36,68,47,000","7,27,74,80,000",,,1.98668218
"May 03, 2017",77.25,80.1,75.76,79.72,"14,19,22,000","7,05,00,50,000",,,1.90156729
"May 02, 2017",76.65,79.35,74.38,77.26,"19,37,73,000","6,99,29,80,000",,,1.887954704
"May 01, 2017",79.32,82.52,73.09,76.3,"37,68,42,000","7,23,40,70,000",,,1.882524538
"Apr 30, 2017",68.54,79.02,68.35,79.02,"22,99,45,000","6,24,88,40,000",,,1.897737025
"Apr 29, 2017",71.39,71.9,66.78,68.38,"16,54,48,000","6,50,64,90,000",,,1.834929096
"Apr 28, 2017",62.23,70.85,62.13,70.16,"34,65,46,000","5,66,95,50,000",,,1.84608958
"Apr 27, 2017",52.81,62.17,52.29,62.17,"24,67,75,000","4,80,96,30,000",,,1.793580867
"Apr 26, 2017",49.91,53.44,49.91,52.72,"10,48,84,000","4,54,43,70,000",,,1.721975402
"Apr 25, 2017",50.07,50.3,49.81,49.89,"3,82,64,600","4,55,78,70,000",,,1.698013504
"Apr 24, 2017",48.87,50.18,48.87,50.03,"5,55,80,600","4,44,64,70,000",,,1.699230503
"Apr 23, 2017",48.59,48.89,48.17,48.49,"3,62,34,000","4,42,00,40,000",,,1.685652184
"Apr 22, 2017",48.18,48.74,48.17,48.55,"3,73,57,600","4,38,12,90,000",,,1.686189234
"Apr 21, 2017",49.64,49.66,48.14,48.22,"4,50,48,300","4,51,26,10,000",,,1.683227206
"Apr 20, 2017",48.13,49.99,48.13,49.67,"7,96,00,900","4,37,38,00,000",,,1.69609416
"Apr 19, 2017",50.73,50.95,47.26,48.31,"7,62,81,000","4,60,82,60,000",,,1.684037037
"Apr 18, 2017",48.32,51.03,48.3,50.71,"7,87,48,500","4,38,78,60,000",,,1.705093611
"Apr 17, 2017",48.66,48.75,48.05,48.3,"4,40,13,300","4,41,73,10,000",,,1.683947131
"Apr 16, 2017",49.04,49.14,48.19,48.72,"3,13,43,800","4,45,01,40,000",,,1.68770728
"Apr 15, 2017",47.65,49.57,47.18,49.1,"6,62,07,800","4,32,31,00,000",,,1.691081492
"Apr 14, 2017",49.97,50.05,46.76,47.57,"9,16,74,400","4,53,18,10,000",,,1.677333151
"Apr 13, 2017",46.31,50.91,46.31,50.22,"15,72,00,000","4,19,84,20,000",,,1.700876708
"Apr 12, 2017",43.46,47.23,43.11,46.29,"8,80,45,700","3,93,89,30,000",,,1.665487181
"Apr 11, 2017",43.5,44.25,43.3,43.41,"3,83,03,300","3,94,11,00,000",,,1.637589786
"Apr 10, 2017",43.28,44.14,42.42,43.44,"4,40,61,500","3,91,95,20,000",,,1.637889817
"Apr 09, 2017",44.28,44.49,42.89,43.27,"5,51,43,000","4,00,90,10,000",,,1.636186895
"Apr 08, 2017",41.8,45.21,41.73,44.31,"7,41,38,800","3,78,30,00,000",,,1.64650175
"Apr 07, 2017",42.87,44.04,41.65,42.16,"8,14,74,700","3,87,82,10,000",,,1.624900602
"Apr 06, 2017",45.22,45.64,40.9,43.24,"14,71,20,000","4,08,99,30,000",,,1.635885685
"Apr 05, 2017",44.66,47.84,44.54,45.3,"11,97,33,000","4,03,79,40,000",,,1.656098202
"Apr 04, 2017",43.92,45.74,41.72,44.64,"15,75,68,000","3,96,97,30,000",,,1.649724186
"Apr 03, 2017",48.82,48.82,43.41,44.36,"19,05,13,000","4,41,10,30,000",,,1.646991537
"Apr 02, 2017",50.74,51.27,45.43,48.75,"13,46,04,000","4,58,27,00,000",,,1.68797462
"Apr 01, 2017",50.03,51.93,48.88,50.7,"9,24,61,900","4,51,75,10,000",,,1.705007959
"Mar 31, 2017",51.75,51.77,47.38,50.04,"15,14,16,000","4,67,11,90,000",,,1.699317301
"Mar 30, 2017",53.12,53.31,51.87,52.21,"8,68,85,700","4,79,32,80,000",,,1.717753693
"Mar 29, 2017",50.57,53.87,50.55,53.13,"14,49,98,000","4,56,11,50,000",,,1.725339816
"Mar 28, 2017",49.71,50.96,49.15,50.77,"9,77,45,300","4,48,21,60,000",,,1.705607163
"Mar 27, 2017",51.31,52.46,48.93,49.67,"11,89,78,000","4,62,49,90,000",,,1.69609416
"Mar 26, 2017",50.77,51.8,49.28,50.52,"10,68,59,000","4,57,45,40,000",,,1.703463342
"Mar 25, 2017",53.58,53.58,48.31,51.25,"22,30,59,000","4,82,57,00,000",,,1.70969387
"Mar 24, 2017",43.64,54.14,43.21,53.11,"29,70,46,000","3,92,92,30,000",,,1.725176301
"Mar 23, 2017",42.57,44.75,41.3,43.68,"10,07,24,000","3,83,13,10,000",,,1.64028263
"Mar 22, 2017",43.12,43.52,39.69,42.34,"11,39,52,000","3,88,01,20,000",,,1.626750854
"Mar 21, 2017",43.51,44.26,42.37,43.15,"9,12,65,400","3,91,36,20,000",,,1.6349808
"Mar 20, 2017",44.83,46.23,42.44,43.39,"15,47,01,000","4,03,12,70,000",,,1.63738965
"Mar 19, 2017",35.53,47,35.34,44.74,"23,94,30,000","3,19,36,00,000",,,1.65069598
"Mar 18, 2017",46.87,46.87,31.7,34.16,"26,21,80,000","4,21,18,30,000",,,1.533517862
"Mar 17, 2017",45.93,55.11,38.21,46.83,"49,75,34,000","4,12,54,80,000",,,1.670524158
"Mar 16, 2017",35.36,47.17,35.36,46.35,"45,44,18,000","3,17,47,50,000",,,1.666049738
"Mar 15, 2017",28.65,35.06,28.43,35.06,"17,03,44,000","2,57,11,60,000",,,1.544811912
"Mar 14, 2017",28.57,29.93,27.32,28.65,"10,17,97,000","2,56,37,00,000",,,1.457124626
"Mar 13, 2017",23.5,30.6,23.5,28.59,"25,54,88,000","2,10,83,00,000",,,1.456214155
"Mar 12, 2017",21.46,23.44,21.38,23.44,"7,46,28,900","1,92,46,60,000",,,1.369957607
"Mar 11, 2017",19.37,21.59,19.01,21.47,"6,91,50,100","1,73,66,30,000",,,1.331832044
"Mar 10, 2017",17.74,19.66,17.68,19.33,"8,75,06,800","1,58,96,40,000",,,1.286231854
"Mar 09, 2017",16.64,17.87,16.37,17.75,"3,14,18,400","1,49,05,00,000",,,1.249198357
"Mar 08, 2017",18.88,18.88,16.65,16.65,"4,43,04,600","1,69,07,60,000",,,1.221414238
"Mar 07, 2017",19.58,19.63,18.64,18.89,"3,79,72,200","1,75,25,30,000",,,1.276231958
"Mar 06, 2017",19.28,20.1,19.11,19.61,"3,24,32,700","1,72,53,60,000",,,1.292477594
"Mar 05, 2017",18.5,19.42,18.23,19.3,"2,68,16,300","1,65,50,30,000",,,1.285557309
"Mar 04, 2017",19.52,20.06,18.62,18.62,"2,73,41,900","1,74,51,40,000",,,1.269979677
"Mar 03, 2017",19.04,20.67,18.41,19.46,"9,58,63,400","1,70,21,40,000",,,1.289142836
"Mar 02, 2017",17.36,19.35,16.95,19.03,"8,36,27,100","1,55,07,50,000",,,1.279438788
"Mar 01, 2017",15.85,17.37,15.56,17.35,"4,49,27,500","1,41,55,10,000",,,1.239299479
"Feb 28, 2017",15.45,16.06,15.12,15.82,"6,54,78,900","1,37,96,00,000",,,1.199206479
"Feb 27, 2017",14.51,15.68,14.27,15.4,"3,16,67,000","1,29,47,70,000",,,1.187520721
"Feb 26, 2017",13.52,14.54,13.4,14.52,"2,03,07,500","1,20,61,50,000",,,1.161966616
"Feb 25, 2017",13.06,13.72,12.98,13.55,"1,85,33,900","1,16,52,30,000",,,1.131939295
"Feb 24, 2017",13.13,13.23,12.88,13.07,"1,95,74,400","1,17,11,10,000",,,1.116275588
"Feb 23, 2017",12.6,13.21,12.56,13.12,"1,45,22,300","1,12,29,10,000",,,1.117933835
"Feb 22, 2017",12.69,12.76,12.55,12.6,"1,03,60,900","1,13,04,60,000",,,1.100370545
"Feb 21, 2017",12.34,12.77,12.21,12.67,"1,51,83,300","1,09,93,30,000",,,1.102776615
"Feb 20, 2017",12.77,12.9,12.43,12.43,"1,29,94,400","1,13,66,10,000",,,1.094471129
"Feb 19, 2017",12.82,12.87,12.71,12.76,"77,99,740","1,14,08,70,000",,,1.105850674
"Feb 18, 2017",12.71,12.83,12.68,12.81,"93,70,010","1,13,07,50,000",,,1.10754913
"Feb 17, 2017",12.9,12.91,12.66,12.68,"1,16,36,500","1,14,72,60,000",,,1.103119254
"Feb 16, 2017",12.92,12.92,12.54,12.9,"3,80,02,600","1,14,88,60,000",,,1.11058971
"Feb 15, 2017",13.04,13.04,12.64,12.92,"1,84,64,700","1,15,90,00,000",,,1.111262514
"Feb 14, 2017",11.29,13.33,11.29,13.03,"4,29,11,500","1,00,28,10,000",,,1.114944416
"Feb 13, 2017",11.38,11.39,11.17,11.27,"72,16,520","1,01,10,80,000",,,1.051923916
"Feb 12, 2017",11.35,11.4,11.3,11.4,"62,64,900","1,00,80,30,000",,,1.056904851
"Feb 11, 2017",11.29,11.43,11.24,11.35,"75,44,520","1,00,21,30,000",,,1.054995862
"Feb 10, 2017",11.05,11.34,10.78,11.28,"1,19,14,200","97,99,61,000",,,1.0523091
"Feb 09, 2017",11.44,11.6,10.67,11.03,"1,84,00,300","1,01,42,80,000",,,1.042575512
"Feb 08, 2017",11.54,11.63,11.24,11.43,"96,88,630","1,02,31,70,000",,,1.05804623
"Feb 07, 2017",11.43,11.61,11.42,11.52,"76,29,640","1,01,26,20,000",,,1.061452479
"Feb 06, 2017",11.35,11.48,11.34,11.39,"56,95,440","1,00,59,30,000",,,1.056523724
"Feb 05, 2017",11.44,11.49,11.32,11.35,"59,42,960","1,01,34,00,000",,,1.054995862
"Feb 04, 2017",11.13,11.5,11.13,11.43,"1,41,39,500","98,52,77,000",,,1.05804623
"Feb 03, 2017",10.81,11.11,10.76,11.11,"1,28,97,800","95,69,44,000",,,1.045714059
"Feb 02, 2017",10.74,10.89,10.55,10.82,"1,01,72,500","94,97,93,000",,,1.034227261
"Feb 01, 2017",10.74,10.85,10.56,10.73,"1,28,52,200","94,99,69,000",,,1.030599722
"Jan 31, 2017",10.56,10.75,10.55,10.73,"1,16,48,700","93,39,75,000",,,1.030599722
"Jan 30, 2017",10.49,10.71,10.47,10.57,"80,42,180","92,74,15,000",,,1.024074987
"Jan 29, 2017",10.56,10.57,10.45,10.48,"46,89,950","93,30,87,000",,,1.020361283
"Jan 28, 2017",10.54,10.58,10.43,10.57,"65,80,700","93,06,88,000",,,1.024074987
"Jan 27, 2017",10.58,10.61,10.44,10.54,"71,89,170","93,44,04,000",,,1.022840611
"Jan 26, 2017",10.57,10.67,10.51,10.59,"84,65,020","93,25,75,000",,,1.02489596
"Jan 25, 2017",10.62,10.62,10.48,10.57,"67,51,450","93,67,69,000",,,1.024074987
"Jan 24, 2017",10.73,10.77,10.57,10.63,"83,27,330","94,60,83,000",,,1.026533265
"Jan 23, 2017",10.71,10.84,10.67,10.82,"72,67,210","94,41,59,000",,,1.034227261
"Jan 22, 2017",10.91,10.97,10.58,10.7,"86,78,620","96,14,63,000",,,1.029383778
"Jan 21, 2017",10.6,10.98,10.58,10.91,"1,19,37,600","93,34,05,000",,,1.037824751
"Jan 20, 2017",10.39,10.76,10.35,10.6,"1,09,92,800","91,46,96,000",,,1.025305865
"Jan 19, 2017",10.24,10.44,10.18,10.4,"83,47,550","90,14,84,000",,,1.017033339
"Jan 18, 2017",10.3,10.52,9.94,10.23,"1,07,88,200","90,60,79,000",,,1.009875634
"Jan 17, 2017",9.64,10.61,9.54,10.3,"1,83,91,900","84,79,81,000",,,1.012837225
"Jan 16, 2017",9.88,9.93,9.58,9.64,"1,49,37,400","86,91,26,000",,,0.984077034
"Jan 15, 2017",9.83,10,9.6,9.9,"1,48,37,900","86,40,37,000",,,0.995635195
"Jan 14, 2017",9.79,9.89,9.44,9.65,"2,00,85,800","85,99,71,000",,,0.984527313
"Jan 13, 2017",9.83,9.85,9.51,9.77,"2,50,66,600","86,32,41,000",,,0.989894564
"Jan 12, 2017",9.72,10.08,9.18,9.86,"3,04,53,800","85,36,38,000",,,0.993876915
"Jan 11, 2017",10.54,10.66,9.46,9.72,"2,68,23,500","92,53,20,000",,,0.987666265
"Jan 10, 2017",10.37,10.69,10.29,10.55,"1,08,79,700","90,98,97,000",,,1.02325246
"Jan 09, 2017",10.31,10.78,10.14,10.33,"2,57,18,300","90,46,82,000",,,1.014100322
"Jan 08, 2017",9.87,10.39,9.83,10.29,"1,66,76,600","86,56,67,000",,,1.012415375
"Jan 07, 2017",10.24,10.28,9.59,9.87,"2,31,53,600","89,76,36,000",,,0.994317153
"Jan 06, 2017",10.29,10.63,9.63,10.25,"2,94,71,800","90,12,49,000",,,1.010723865
"Jan 05, 2017",11.29,11.89,9.4,10.25,"4,15,57,400","98,85,99,000",,,1.010723865
"Jan 04, 2017",9.71,11.28,9.56,11.25,"4,10,51,200","85,01,15,000",,,1.051152522
"Jan 03, 2017",8.37,10,8.32,9.73,"3,36,25,200","73,29,88,000",,,0.98811284
"Jan 02, 2017",8.17,8.44,8.05,8.38,"1,45,79,600","71,49,00,000",,,0.923244019
"Jan 01, 2017",7.98,8.47,7.98,8.17,"1,47,31,700","69,81,49,000",,,0.912222057
"Dec 31, 2016",8.15,8.16,7.91,7.97,"90,66,800","71,26,62,000",,,0.901458321
"Dec 30, 2016",8.29,8.47,8.05,8.16,"1,39,09,900","72,45,28,000",,,0.911690159
"Dec 29, 2016",7.54,8.53,7.54,8.28,"2,75,43,800","65,86,74,000",,,0.918030337
"Dec 28, 2016",7.15,7.62,7.08,7.52,"1,74,53,300","62,43,59,000",,,0.876217841
"Dec 27, 2016",7.28,7.32,7.09,7.17,"87,78,610","63,52,60,000",,,0.855519156
"Dec 26, 2016",7.13,7.33,7.05,7.27,"58,36,810","62,24,39,000",,,0.861534411
"Dec 25, 2016",7.26,7.34,7.14,7.18,"86,71,840","63,37,92,000",,,0.856124444
"Dec 24, 2016",7.15,7.41,7.15,7.27,"76,26,020","62,37,59,000",,,0.861534411
"Dec 23, 2016",7.58,7.69,7.16,7.17,"1,96,13,100","66,05,46,000",,,0.855519156
"Dec 22, 2016",7.9,7.91,7.5,7.59,"1,63,76,700","68,83,80,000",,,0.880241776
"Dec 21, 2016",7.66,7.94,7.66,7.91,"93,93,550","66,76,25,000",,,0.898176483
"Dec 20, 2016",7.63,7.75,7.57,7.66,"63,13,550","66,47,72,000",,,0.88422877
"Dec 19, 2016",7.87,7.87,7.63,7.64,"58,94,760","68,50,54,000",,,0.883093359
"Dec 18, 2016",7.86,7.93,7.72,7.87,"58,90,020","68,40,28,000",,,0.895974732
"Dec 17, 2016",7.86,7.9,7.52,7.88,"85,02,620","68,33,57,000",,,0.896526217
"Dec 16, 2016",7.86,7.93,7.8,7.86,"51,78,610","68,33,99,000",,,0.895422546
"Dec 15, 2016",8.24,8.24,7.72,7.83,"1,31,84,400","71,58,61,000",,,0.893761762
"Dec 14, 2016",8.45,8.52,8.25,8.27,"73,37,220","73,43,82,000",,,0.91750551
"Dec 13, 2016",8.52,8.53,8.35,8.42,"44,86,190","74,00,99,000",,,0.925312091
"Dec 12, 2016",8.19,8.61,8.17,8.52,"91,19,700","71,13,48,000",,,0.930439595
"Dec 11, 2016",8.13,8.27,8.1,8.19,"55,45,500","70,53,63,000",,,0.913283902
"Dec 10, 2016",8.44,8.53,8.02,8.13,"81,08,370","73,21,73,000",,,0.910090546
"Dec 09, 2016",8.17,8.67,8.05,8.45,"1,29,16,300","70,84,68,000",,,0.926856709
"Dec 08, 2016",8.38,8.86,8.23,8.23,"1,60,42,700","72,68,78,000",,,0.915399835
"Dec 07, 2016",7.89,8.54,7.33,8.38,"2,22,29,600","68,42,58,000",,,0.923244019
"Dec 06, 2016",6.8,7.92,5.98,7.87,"5,06,71,200","58,95,48,000",,,0.895974732
"Dec 05, 2016",7.41,7.64,6.66,6.82,"1,73,44,500","64,18,20,000",,,0.833784375
"Dec 04, 2016",7.9,7.95,7.44,7.44,"84,50,790","68,42,58,000",,,0.871572936
"Dec 03, 2016",7.77,8.15,7.67,7.92,"1,21,12,100","67,21,38,000",,,0.898725182
"Dec 02, 2016",8.46,8.46,7.42,7.76,"1,85,79,800","73,15,20,000",,,0.889861721
"Dec 01, 2016",8.6,8.65,8.36,8.45,"58,82,340","74,38,82,000",,,0.926856709
"Nov 30, 2016",8.16,8.75,8.16,8.59,"1,06,26,600","70,50,40,000",,,0.933993164
"Nov 29, 2016",8.73,8.74,7.88,8.17,"1,70,00,400","75,43,07,000",,,0.912222057
"Nov 28, 2016",9,9.01,8.72,8.72,"60,46,890","77,73,11,000",,,0.940516485
"Nov 27, 2016",9.31,9.33,8.78,9,"87,07,660","80,40,85,000",,,0.954242509
"Nov 26, 2016",9.42,9.5,9.31,9.33,"35,05,990","81,27,95,000",,,0.969881644
"Nov 25, 2016",9.23,9.75,9.21,9.4,"76,69,720","79,62,68,000",,,0.973127854
"Nov 24, 2016",9.85,9.85,8.93,9.23,"1,59,87,800","84,92,29,000",,,0.965201701
"Nov 23, 2016",9.92,9.96,9.76,9.84,"48,12,310","85,52,65,000",,,0.992995098
"Nov 22, 2016",9.63,10.24,9.59,9.91,"1,12,84,400","82,96,16,000",,,0.996073654
"Nov 21, 2016",9.58,9.64,9.54,9.62,"36,63,210","82,53,81,000",,,0.983175072
"Nov 20, 2016",9.66,9.71,9.52,9.58,"51,73,420","83,20,50,000",,,0.981365509
"Nov 19, 2016",9.48,9.75,9.48,9.66,"51,86,540","81,63,80,000",,,0.984977126
"Nov 18, 2016",9.99,10.01,9.48,9.48,"1,08,16,100","85,95,71,000",,,0.976808337
"Nov 17, 2016",10.06,10.19,9.92,9.99,"69,84,700","86,53,93,000",,,0.999565488
"Nov 16, 2016",10.22,10.33,9.93,10.06,"95,33,550","87,86,10,000",,,1.002597981
"Nov 15, 2016",9.97,10.32,9.85,10.22,"65,57,550","85,72,23,000",,,1.009450896
"Nov 14, 2016",10.1,10.16,9.96,9.97,"35,73,250","86,77,55,000",,,0.998695158
"Nov 13, 2016",9.89,10.41,9.84,10.1,"82,27,770","84,93,42,000",,,1.004321374
"Nov 12, 2016",10.29,10.34,9.7,9.88,"1,00,52,500","88,37,80,000",,,0.994756945
"Nov 11, 2016",10.51,10.57,10.26,10.29,"60,56,300","90,24,79,000",,,1.012415375
"Nov 10, 2016",10.67,10.68,10.51,10.52,"42,53,980","91,59,40,000",,,1.02201574
"Nov 09, 2016",10.82,10.83,10.22,10.66,"1,46,06,600","92,80,63,000",,,1.027757205
"Nov 08, 2016",10.85,10.92,10.74,10.83,"62,58,150","93,03,45,000",,,1.034628457
"Nov 07, 2016",10.9,10.96,10.78,10.81,"59,92,480","93,45,36,000",,,1.033825694
"Nov 06, 2016",10.99,11.25,10.85,10.87,"56,88,710","94,17,29,000",,,1.036229544
"Nov 05, 2016",11.09,11.24,10.88,11,"55,02,670","95,02,13,000",,,1.041392685
"Nov 04, 2016",10.82,11.12,10.82,11.09,"99,58,040","92,61,29,000",,,1.044931546
"Nov 03, 2016",10.8,11.11,10.76,10.8,"1,52,28,600","92,40,97,000",,,1.033423755
"Nov 02, 2016",10.77,11.16,10.69,10.75,"1,16,91,700","92,16,91,000",,,1.031408464
"Nov 01, 2016",10.96,11.18,10.3,10.77,"2,29,01,300","93,71,23,000",,,1.032215703
"Oct 31, 2016",11.23,11.5,10.94,11,"1,33,93,900","96,00,08,000",,,1.041392685
"Oct 30, 2016",10.43,11.45,10.29,11.18,"1,66,94,900","89,11,64,000",,,1.048441804
"Oct 29, 2016",11.1,11.2,9.56,10.44,"2,70,70,400","94,82,71,000",,,1.018700499
"Oct 28, 2016",11.47,11.58,10.95,11.09,"1,39,71,500","97,99,16,000",,,1.044931546
"Oct 27, 2016",11.53,11.61,11.26,11.5,"1,32,55,400","98,43,61,000",,,1.06069784
"Oct 26, 2016",11.38,11.66,11.38,11.53,"1,02,21,800","97,14,40,000",,,1.061829307
"Oct 25, 2016",11.97,11.99,11.15,11.41,"1,93,16,000","1,02,08,50,000",,,1.057285644
"Oct 24, 2016",12.04,12.1,11.91,11.97,"57,39,690","1,02,64,00,000",,,1.07809415
"Oct 23, 2016",12.13,12.14,11.94,12.04,"57,74,660","1,03,39,70,000",,,1.080626487
"Oct 22, 2016",12.18,12.19,11.95,12.07,"75,83,820","1,03,78,50,000",,,1.08170727
"Oct 21, 2016",12.13,12.21,12.02,12.18,"56,76,920","1,03,31,40,000",,,1.085647288
"Oct 20, 2016",12.05,12.29,12,12.1,"81,70,760","1,02,56,20,000",,,1.08278537
"Oct 19, 2016",12.59,12.62,11.91,12.02,"1,05,76,200","1,07,17,10,000",,,1.079904468
"Oct 18, 2016",12,12.93,12,12.59,"1,88,64,200","1,02,05,30,000",,,1.10002573
"Oct 17, 2016",11.96,12.03,11.86,12.01,"57,24,440","1,01,67,10,000",,,1.079543007
"Oct 16, 2016",11.98,12.01,11.93,11.95,"36,17,280","1,01,85,40,000",,,1.077367905
"Oct 15, 2016",11.94,12,11.78,11.98,"49,91,840","1,01,42,80,000",,,1.078456818
"Oct 14, 2016",11.99,12.07,11.9,11.94,"43,33,510","1,01,83,90,000",,,1.077004327
"Oct 13, 2016",11.91,12.13,11.78,11.96,"86,65,190","1,01,11,90,000",,,1.07773118
"Oct 12, 2016",11.78,12.07,11.71,11.93,"96,94,640","1,00,02,20,000",,,1.076640444
"Oct 11, 2016",11.76,12.16,11.75,11.79,"1,17,27,700","99,79,49,000",,,1.071513805
"Oct 10, 2016",12.06,12.06,11.62,11.76,"1,08,09,200","1,02,28,60,000",,,1.070407322
"Oct 09, 2016",12.22,12.36,11.98,12.05,"72,08,480","1,03,55,90,000",,,1.080987047
"Oct 08, 2016",12.67,12.69,12.05,12.22,"1,16,11,200","1,07,39,90,000",,,1.087071206
"Oct 07, 2016",12.85,12.99,12.53,12.67,"89,33,050","1,08,85,70,000",,,1.102776615
"Oct 06, 2016",13.03,13.14,12.69,12.85,"1,20,44,800","1,10,29,40,000",,,1.108903128
"Oct 05, 2016",13.28,13.35,13.04,13.04,"98,81,370","1,12,42,70,000",,,1.115277591
"Oct 04, 2016",13.45,13.53,13.21,13.28,"83,48,280","1,13,79,80,000",,,1.123198075
"Oct 03, 2016",13.2,13.49,13.19,13.45,"74,58,320","1,11,66,00,000",,,1.128722284
"Oct 02, 2016",13.18,13.3,13.14,13.2,"40,79,660","1,11,42,00,000",,,1.120573931
"Oct 01, 2016",13.2,13.31,13.05,13.17,"63,31,160","1,11,56,90,000",,,1.119585775
"Sep 30, 2016",13.08,13.34,13.02,13.22,"59,50,840","1,10,45,30,000",,,1.121231455
"Sep 29, 2016",13.28,13.34,13.07,13.07,"59,90,630","1,12,10,60,000",,,1.116275588
"Sep 28, 2016",13.11,13.48,13.08,13.27,"1,02,39,000","1,10,63,30,000",,,1.122870923
"Sep 27, 2016",12.86,13.21,12.86,13.1,"68,31,070","1,08,53,30,000",,,1.117271296
"Sep 26, 2016",13.17,13.17,12.74,12.82,"72,13,070","1,11,07,00,000",,,1.107888025
"Sep 25, 2016",12.85,13.11,12.8,13.1,"52,83,440","1,08,35,10,000",,,1.117271296
"Sep 24, 2016",13.32,13.34,12.68,12.88,"98,24,880","1,12,26,70,000",,,1.109915863
"Sep 23, 2016",13.21,13.45,13.1,13.33,"91,66,430","1,11,25,90,000",,,1.124830149
"Sep 22, 2016",13.67,13.67,12.48,13.25,"2,73,82,800","1,15,06,50,000",,,1.122215878
"Sep 21, 2016",14.43,14.43,13.17,13.77,"2,86,45,000","1,21,49,50,000",,,1.13893394
"Sep 20, 2016",13.21,14.43,13.12,14.43,"3,19,29,100","1,11,18,10,000",,,1.159266331
"Sep 19, 2016",12.44,13.19,12.42,13.19,"1,38,38,800","1,04,58,70,000",,,1.120244796
"Sep 18, 2016",12.69,12.99,12.16,12.43,"2,24,33,300","1,06,66,20,000",,,1.094471129
"Sep 17, 2016",12.56,12.76,12.44,12.7,"74,46,610","1,05,54,40,000",,,1.103803721
"Sep 16, 2016",11.96,12.75,11.9,12.56,"1,74,21,500","1,00,47,40,000",,,1.098989639
"Sep 15, 2016",11.94,12.14,11.92,11.94,"73,09,090","1,00,29,70,000",,,1.077004327
"Sep 14, 2016",11.9,12,11.86,11.92,"56,94,820","99,93,52,000",,,1.076276255
"Sep 13, 2016",11.89,12.09,11.88,11.92,"1,17,04,300","99,76,38,000",,,1.076276255
"Sep 12, 2016",11.64,11.95,11.61,11.89,"74,78,080","97,66,45,000",,,1.075181855
"Sep 11, 2016",12.21,12.21,11.59,11.64,"87,91,180","1,02,36,40,000",,,1.06595298
"Sep 10, 2016",11.66,12.22,11.54,12.17,"72,20,300","97,75,15,000",,,1.085290578
"Sep 09, 2016",11.41,11.68,11.39,11.65,"61,09,200","95,62,10,000",,,1.066325925
"Sep 08, 2016",11.55,11.7,11.25,11.35,"1,15,35,000","96,70,10,000",,,1.054995862
"Sep 07, 2016",11.69,11.73,11.52,11.55,"61,15,050","97,90,87,000",,,1.062581984
"Sep 06, 2016",11.73,11.73,11.47,11.69,"63,46,330","98,13,03,000",,,1.067814511
"Sep 05, 2016",11.68,11.81,11.59,11.72,"57,24,100","97,71,69,000",,,1.068927612
"Sep 04, 2016",11.75,11.79,11.47,11.68,"72,20,550","98,29,52,000",,,1.067442843
"Sep 03, 2016",12.11,12.36,11.35,11.76,"1,33,58,800","1,01,25,80,000",,,1.070407322
"Sep 02, 2016",11.96,12.31,11.88,12.11,"93,68,300","99,97,57,000",,,1.083144143
"Sep 01, 2016",11.67,12.58,11.65,11.99,"2,40,51,500","97,48,44,000",,,1.078819183
"Aug 31, 2016",11.24,11.68,11.18,11.67,"1,10,73,700","93,84,06,000",,,1.067070856
"Aug 30, 2016",10.99,11.3,10.96,11.23,"72,21,260","91,74,74,000",,,1.050379756
"Aug 29, 2016",10.92,11.15,10.79,10.98,"81,30,540","91,06,98,000",,,1.04060234
"Aug 28, 2016",11.15,11.15,10.92,10.93,"53,03,040","92,96,90,000",,,1.038620162
"Aug 27, 2016",11.29,11.29,11.14,11.15,"1,51,08,400","94,15,85,000",,,1.047274867
"Aug 26, 2016",11.35,11.45,11.21,11.3,"58,57,850","94,60,92,000",,,1.053078443
"Aug 25, 2016",11.03,11.39,11.02,11.36,"85,52,380","91,89,77,000",,,1.055378331
"Aug 24, 2016",11.02,11.15,11.01,11.04,"44,23,420","91,80,39,000",,,1.042969073
"Aug 23, 2016",11.14,11.23,10.9,11.03,"64,89,380","92,70,65,000",,,1.042575512
"Aug 22, 2016",11.19,11.34,11.08,11.12,"65,88,920","93,07,08,000",,,1.046104787
"Aug 21, 2016",11.25,11.25,10.99,11.18,"43,55,660","93,60,15,000",,,1.048441804
"Aug 20, 2016",10.75,11.3,10.75,11.25,"74,43,540","89,38,14,000",,,1.051152522
"Aug 19, 2016",10.75,10.8,10.73,10.75,"53,90,850","89,31,56,000",,,1.031408464
"Aug 18, 2016",10.75,11.01,10.74,10.76,"69,35,800","89,29,03,000",,,1.031812271
"Aug 17, 2016",11.13,11.15,10.75,10.75,"88,33,760","92,45,91,000",,,1.031408464
"Aug 16, 2016",11.23,11.24,11,11.14,"70,51,510","93,21,62,000",,,1.046885191
"Aug 15, 2016",11.2,11.31,11,11.22,"75,00,840","92,95,58,000",,,1.049992857
"Aug 14, 2016",11.58,11.69,11.1,11.19,"86,80,160","96,08,55,000",,,1.048830087
"Aug 13, 2016",11.77,11.79,11.51,11.57,"75,39,490","97,59,99,000",,,1.063333359
"Aug 12, 2016",11.69,12.04,11.64,11.78,"1,36,90,100","96,88,65,000",,,1.07114529
"Aug 11, 2016",12.14,12.27,11.63,11.69,"1,75,05,000","1,00,57,20,000",,,1.067814511
"Aug 10, 2016",12.23,12.46,11.98,12.14,"2,80,96,300","1,01,29,10,000",,,1.084218687
"Aug 09, 2016",11.27,12.45,11.2,12.24,"3,66,56,600","93,34,31,000",,,1.087781418
"Aug 08, 2016",10.91,11.33,10.86,11.25,"1,49,56,700","90,31,84,000",,,1.051152522
"Aug 07, 2016",10.86,11.09,10.78,10.91,"1,65,51,000","89,83,40,000",,,1.037824751
"Aug 06, 2016",10.92,10.94,10.29,10.88,"1,67,12,600","90,27,52,000",,,1.036628895
"Aug 05, 2016",11.02,11.18,10.76,10.93,"1,54,87,900","91,08,56,000",,,1.038620162
"Aug 04, 2016",10.31,11.29,10.16,11.04,"3,81,51,400","85,19,92,000",,,1.042969073
"Aug 03, 2016",8.88,10.42,8.88,10.29,"5,39,79,400","73,32,04,000",,,1.012415375
"Aug 02, 2016",10.95,11.14,8.2,8.79,"8,88,03,300","90,39,78,000",,,0.943988875
"Aug 01, 2016",11.89,12.01,10.94,10.94,"2,39,99,500","98,17,35,000",,,1.039017322
"Jul 31, 2016",12.44,12.51,11.55,11.88,"2,54,41,400","1,02,63,10,000",,,1.074816441
"Jul 30, 2016",12.8,12.8,12.46,12.46,"90,47,810","1,05,54,10,000",,,1.095518042
"Jul 29, 2016",12.84,12.87,12.55,12.79,"1,40,82,300","1,05,82,20,000",,,1.106870544
"Jul 28, 2016",12.98,12.99,12.49,12.84,"2,46,03,900","1,06,95,60,000",,,1.108565024
"Jul 27, 2016",12.05,13.31,11.84,12.97,"5,82,78,800","99,26,45,000",,,1.112939976
"Jul 26, 2016",13.82,13.85,11.73,11.99,"9,44,28,800","1,13,76,60,000",,,1.078819183
"Jul 25, 2016",12.74,13.86,12.68,13.84,"3,66,73,800","1,04,89,20,000",,,1.14113609
"Jul 24, 2016",14.3,14.44,12.32,12.75,"7,77,50,800","1,17,62,50,000",,,1.105510185
"Jul 23, 2016",14.67,14.9,14.05,14.3,"3,24,89,700","1,20,61,90,000",,,1.155336037
"Jul 22, 2016",12.66,14.81,12.54,14.66,"7,47,79,500","1,04,06,40,000",,,1.16613397
"Jul 21, 2016",12.46,12.71,11.99,12.65,"2,46,36,900","1,02,40,00,000",,,1.102090526
"Jul 20, 2016",11.59,12.99,11.57,12.45,"6,02,26,100","95,21,43,000",,,1.095169351
"Jul 19, 2016",11.05,12.01,11.01,11.62,"2,17,30,000","90,71,35,000",,,1.065206128
"Jul 18, 2016",11.17,11.61,10.95,11.03,"1,59,31,900","91,71,51,000",,,1.042575512
"Jul 17, 2016",11.62,11.67,11.01,11.16,"1,79,21,600","95,37,62,000",,,1.047664195
"Jul 16, 2016",11.92,11.94,11.59,11.65,"1,04,45,700","97,76,58,000",,,1.066325925
"Jul 15, 2016",11.5,12.43,11.49,11.95,"2,68,38,900","94,28,17,000",,,1.077367905
"Jul 14, 2016",10.6,11.68,10.6,11.51,"2,36,21,900","86,85,09,000",,,1.061075324
"Jul 13, 2016",10.51,10.59,10.4,10.5,"67,15,660","86,07,70,000",,,1.021189299
"Jul 12, 2016",10.45,10.76,10.43,10.52,"1,11,27,700","85,55,55,000",,,1.02201574
"Jul 11, 2016",10.94,11.01,10.26,10.46,"1,30,98,000","89,56,70,000",,,1.019531685
"Jul 10, 2016",10.96,11.01,10.78,10.95,"54,79,240","89,68,99,000",,,1.039414119
"Jul 09, 2016",11.42,11.46,10.73,10.97,"1,72,54,800","93,39,46,000",,,1.040206628
"Jul 08, 2016",10.12,11.52,9.96,11.39,"2,00,39,800","82,70,90,000",,,1.056523724
"Jul 07, 2016",10.54,10.57,9.8,10.11,"1,54,07,200","86,11,44,000",,,1.004751156
"Jul 06, 2016",10.58,11.11,10.28,10.53,"1,81,37,300","86,40,63,000",,,1.022428371
"Jul 05, 2016",11.46,11.52,9.58,10.61,"4,55,26,900","93,57,30,000",,,1.025715384
"Jul 04, 2016",11.7,11.88,11.39,11.47,"1,29,43,500","95,48,49,000",,,1.059563418
"Jul 03, 2016",12.12,12.15,11.59,11.72,"1,05,88,700","98,91,32,000",,,1.068927612
"Jul 02, 2016",12.22,12.22,11.95,12.13,"89,87,070","99,65,10,000",,,1.083860801
"Jul 01, 2016",12.44,12.49,11.73,12.2,"1,72,36,500","1,01,42,20,000",,,1.086359831
"Jun 30, 2016",12.6,12.74,12.25,12.46,"1,58,01,300","1,02,72,60,000",,,1.095518042
"Jun 29, 2016",12.17,13.04,11.69,12.61,"2,69,82,800","99,19,26,000",,,1.100715087
"Jun 28, 2016",13.93,13.98,11.72,12.18,"4,34,36,600","1,13,43,40,000",,,1.085647288
"Jun 27, 2016",13.81,14.12,13.75,13.88,"1,09,94,700","1,12,41,70,000",,,1.142389466
"Jun 26, 2016",14.26,14.37,13.66,13.85,"1,47,47,600","1,16,05,90,000",,,1.141449773
"Jun 25, 2016",14.3,14.58,14.02,14.28,"1,53,83,100","1,16,35,30,000",,,1.154728207
"Jun 24, 2016",13.68,14.57,13.22,14.33,"3,33,32,900","1,11,25,90,000",,,1.15624619
"Jun 23, 2016",13.22,13.79,12.56,13.68,"3,08,06,400","1,07,42,40,000",,,1.136086097
"Jun 22, 2016",13.2,15.79,13.1,13.1,"9,69,94,100","1,07,25,10,000",,,1.117271296
"Jun 21, 2016",11.82,13.42,11.29,13.31,"6,92,45,600","96,00,14,000",,,1.124178055
"Jun 20, 2016",12.24,12.45,10.52,11.84,"5,81,43,600","99,35,03,000",,,1.073351702
"Jun 19, 2016",11.17,13.18,10.64,12.23,"6,97,83,600","90,62,92,000",,,1.087426457
"Jun 18, 2016",15.38,15.38,9.96,11.33,"13,39,37,000","1,24,75,30,000",,,1.05422991
"Jun 17, 2016",20.65,21.52,13.57,15.38,"19,94,08,000","1,67,45,40,000",,,1.186956335
"Jun 16, 2016",18.36,20.83,18.36,20.59,"3,85,31,000","1,48,84,20,000",,,1.313656347
"Jun 15, 2016",18.91,18.91,17.71,18.35,"1,93,93,400","1,53,17,90,000",,,1.263636069
"Jun 14, 2016",17.61,19.27,17.3,18.89,"6,44,12,200","1,42,65,00,000",,,1.276231958
"Jun 13, 2016",15.77,17.64,15.72,17.6,"3,80,23,400","1,27,69,30,000",,,1.245512668
"Jun 12, 2016",14.19,15.9,14.19,15.74,"3,82,10,300","1,14,80,70,000",,,1.197004728
"Jun 11, 2016",13.91,14.19,13.72,14.19,"1,21,76,500","1,12,51,80,000",,,1.151982395
"Jun 10, 2016",14.38,14.43,13.82,13.91,"1,13,12,900","1,16,25,00,000",,,1.14332713
"Jun 09, 2016",14.43,14.57,14.34,14.4,"82,56,830","1,16,64,50,000",,,1.158362492
"Jun 08, 2016",14.51,14.78,14.28,14.42,"1,69,41,800","1,17,22,30,000",,,1.15896526
"Jun 07, 2016",13.95,14.51,13.81,14.51,"2,14,21,600","1,12,63,30,000",,,1.161667412
"Jun 06, 2016",14,14.06,13.73,13.93,"87,20,400","1,13,03,50,000",,,1.143951116
"Jun 05, 2016",13.76,14.07,13.57,13.98,"1,10,88,400","1,11,06,90,000",,,1.145507171
"Jun 04, 2016",13.86,13.95,13.42,13.74,"1,57,92,400","1,11,84,60,000",,,1.137986733
"Jun 03, 2016",13.74,13.87,13.25,13.85,"2,29,81,500","1,10,82,20,000",,,1.141449773
"Jun 02, 2016",13.99,14.05,13.63,13.74,"1,04,77,200","1,12,78,30,000",,,1.137986733
"Jun 01, 2016",14.11,14.32,13.44,14,"2,24,71,300","1,13,69,00,000",,,1.146128036
"May 31, 2016",12.74,14.27,12.64,14.08,"4,24,33,400","1,02,64,10,000",,,1.148602655
"May 30, 2016",12.33,12.88,12.27,12.73,"1,47,33,800","99,23,29,000",,,1.104828404
"May 29, 2016",12.11,12.69,11.78,12.35,"2,85,98,400","97,47,84,000",,,1.091666958
"May 28, 2016",11.33,12.36,10.37,11.89,"4,72,74,800","91,17,24,000",,,1.075181855
"May 27, 2016",12.39,12.39,10.5,11.3,"5,74,96,400","99,62,93,000",,,1.053078443
"May 26, 2016",12.52,12.99,12.06,12.43,"2,07,64,000","1,00,60,80,000",,,1.094471129
"May 25, 2016",12.79,12.9,11.77,12.53,"2,74,44,700","1,02,79,40,000",,,1.097951071
"May 24, 2016",13.31,13.77,12.01,12.73,"4,15,60,600","1,06,86,70,000",,,1.104828404
"May 23, 2016",14.28,14.49,13.19,13.46,"2,38,42,800","1,14,64,70,000",,,1.12904506
"May 22, 2016",14.04,14.35,13.77,14.29,"1,79,38,900","1,12,68,10,000",,,1.155032229
"May 21, 2016",13.69,14.05,13.12,14.02,"2,46,48,400","1,09,82,20,000",,,1.146748014
"May 20, 2016",14.85,15.05,13.38,13.64,"5,05,44,100","1,19,10,80,000",,,1.13481437
"May 19, 2016",13.54,14.87,13.34,14.77,"5,37,57,500","1,08,55,70,000",,,1.169380495
"May 18, 2016",12.18,14.26,12.18,13.56,"6,53,89,900","97,58,78,000",,,1.13225969
"May 17, 2016",11.19,12.49,11.15,12.2,"3,71,98,700","89,65,05,000",,,1.086359831
"May 16, 2016",9.97,11.44,9.97,11.17,"2,90,79,900","79,81,16,000",,,1.048053173
"May 15, 2016",10.24,10.44,9.93,9.96,"92,18,400","81,93,99,000",,,0.998259338
"May 14, 2016",10.51,10.62,9.81,10.24,"1,88,08,000","84,03,95,000",,,1.010299957
"May 13, 2016",10.06,11.05,10.02,10.51,"3,12,76,900","80,46,47,000",,,1.021602716
"May 12, 2016",10,10.51,9.86,10.06,"2,41,37,700","79,89,52,000",,,1.002597981
"May 11, 2016",9.43,10.01,9.39,10,"1,52,67,500","75,36,00,000",,,1
"May 10, 2016",9.28,9.48,9.26,9.36,"93,21,790","74,14,17,000",,,0.971275849
"May 09, 2016",9.49,9.64,9.2,9.3,"1,30,85,300","75,80,00,000",,,0.968482949
"May 08, 2016",9.37,9.6,8.93,9.48,"1,50,31,000","74,80,30,000",,,0.976808337
"May 07, 2016",9.32,9.48,9.21,9.37,"1,08,06,500","74,31,66,000",,,0.971739591
"May 06, 2016",9.81,9.95,9.04,9.35,"2,15,10,600","78,22,61,000",,,0.970811611
"May 05, 2016",9.4,10.05,9.29,9.83,"1,82,96,200","74,90,38,000",,,0.992553518
"May 04, 2016",9.38,10.03,9.27,9.41,"1,76,22,400","74,76,38,000",,,0.973589623
"May 03, 2016",10.17,10.17,9.28,9.31,"2,14,63,900","80,96,44,000",,,0.968949681
"May 02, 2016",8.89,10.32,8.85,10.16,"4,10,19,200","70,81,37,000",,,1.006893708
"May 01, 2016",8.78,9.01,8.43,8.85,"1,67,13,800","69,83,77,000",,,0.946943271
"Apr 30, 2016",7.45,9.37,7.45,8.81,"3,65,73,300","59,29,92,000",,,0.944975908
"Apr 29, 2016",7.21,7.73,7.17,7.46,"87,62,080","57,31,24,000",,,0.872738827
"Apr 28, 2016",7.74,7.91,7.17,7.17,"1,15,76,000","61,53,16,000",,,0.855519156
"Apr 27, 2016",7.39,7.97,7.32,7.76,"1,92,54,500","58,70,76,000",,,0.889861721
"Apr 26, 2016",7.53,7.55,7.06,7.4,"1,76,67,300","59,78,19,000",,,0.86923172
"Apr 25, 2016",8.01,8.09,7.24,7.55,"1,82,39,900","63,57,84,000",,,0.877946952
"Apr 24, 2016",8.29,8.47,7.96,8,"1,07,86,400","65,82,03,000",,,0.903089987
"Apr 23, 2016",7.79,8.55,7.74,8.29,"1,45,65,200","61,81,47,000",,,0.918554531
"Apr 22, 2016",8.15,8.27,7.67,7.82,"1,33,09,300","64,62,98,000",,,0.893206753
"Apr 21, 2016",8.45,8.72,7.96,8.1,"1,33,55,400","67,01,04,000",,,0.908485019
"Apr 20, 2016",8.69,8.83,8.31,8.47,"1,56,34,700","68,84,34,000",,,0.92788341
"Apr 19, 2016",9.08,9.31,8.6,8.71,"1,28,99,100","71,88,25,000",,,0.940018155
"Apr 18, 2016",9.33,9.51,8.5,9.04,"2,10,84,100","73,89,16,000",,,0.95616843
"Apr 17, 2016",8.62,9.7,8.56,9.31,"2,46,19,600","68,24,67,000",,,0.968949681
"Apr 16, 2016",8.24,8.65,8.11,8.61,"98,88,460","65,15,54,000",,,0.935003151
"Apr 15, 2016",8.39,8.62,8.1,8.24,"1,21,79,000","66,31,69,000",,,0.915927212
"Apr 14, 2016",8.08,8.76,8.02,8.39,"1,35,90,700","63,83,30,000",,,0.923761961
"Apr 13, 2016",7.44,8.72,7.07,8.04,"3,14,03,300","58,79,94,000",,,0.905256049
"Apr 12, 2016",8.64,8.64,7.15,7.44,"2,31,90,100","68,23,95,000",,,0.871572936
"Apr 11, 2016",8.94,8.95,8,8.64,"1,51,38,100","70,60,74,000",,,0.936513742
"Apr 10, 2016",9.15,9.22,7.46,8.94,"4,26,13,400","72,21,33,000",,,0.951337519
"Apr 09, 2016",9.69,10.09,9.07,9.15,"1,61,94,800","76,47,97,000",,,0.961421094
"Apr 08, 2016",10.08,10.39,9.66,9.72,"1,46,60,600","79,47,05,000",,,0.987666265
"Apr 07, 2016",10.7,10.81,9.95,10.07,"1,34,64,500","84,30,91,000",,,1.003029471
"Apr 06, 2016",10.45,10.97,10.28,10.69,"1,69,97,100","82,34,20,000",,,1.028977705
"Apr 05, 2016",11.21,11.21,10.13,10.44,"2,05,57,300","88,31,70,000",,,1.018700499
"Apr 04, 2016",11.62,11.62,11.02,11.16,"95,99,070","91,45,60,000",,,1.047664195
"Apr 03, 2016",11.63,11.71,11.51,11.62,"55,80,550","91,51,75,000",,,1.065206128
"Apr 02, 2016",11.63,11.69,11.4,11.6,"86,82,620","91,49,95,000",,,1.064457989
"Apr 01, 2016",11.4,11.85,11.4,11.66,"1,13,73,100","89,65,37,000",,,1.06669855
"Mar 31, 2016",11.92,12.01,11.32,11.4,"1,49,66,700","93,69,92,000",,,1.056904851
"Mar 30, 2016",11.61,12.18,11.47,11.95,"1,93,51,200","91,19,02,000",,,1.077367905
"Mar 29, 2016",11.75,11.91,11.35,11.66,"1,76,84,200","92,31,14,000",,,1.06669855
"Mar 28, 2016",10.43,11.86,10.41,11.67,"2,31,88,300","81,90,07,000",,,1.067070856
"Mar 27, 2016",10.99,11.05,10.11,10.42,"1,67,44,800","86,22,11,000",,,1.017867719
"Mar 26, 2016",10.77,11.18,10.59,10.97,"94,25,480","84,47,42,000",,,1.040206628
"Mar 25, 2016",11.26,11.37,10.53,10.74,"1,37,82,000","88,30,12,000",,,1.031004281
"Mar 24, 2016",12.44,12.5,10.8,11.24,"2,60,81,800","97,52,95,000",,,1.050766311
"Mar 23, 2016",11.33,12.43,11.24,12.42,"1,93,53,200","88,75,95,000",,,1.094121596
"Mar 22, 2016",11.88,12.03,11.18,11.27,"1,97,30,300","92,96,10,000",,,1.051923916
"Mar 21, 2016",10.3,12.01,10.16,11.86,"2,85,72,600","80,59,97,000",,,1.074084689
"Mar 20, 2016",10.52,10.9,9.57,10.32,"1,76,51,100","82,22,97,000",,,1.013679697
"Mar 19, 2016",11.2,11.2,9.78,10.53,"2,67,35,700","87,56,89,000",,,1.022428371
"Mar 18, 2016",11.11,11.18,8.52,11,"5,39,56,800","86,79,49,000",,,1.041392685
"Mar 17, 2016",12.56,12.64,10.44,11.08,"4,16,50,600","97,73,89,000",,,1.04453976
"Mar 16, 2016",13.02,13.73,12.5,12.52,"2,43,35,500","1,01,30,20,000",,,1.097604329
"Mar 15, 2016",13,13.2,12.05,13.01,"2,84,04,500","1,01,10,90,000",,,1.114277297
"Mar 14, 2016",14.51,15.01,11.58,12.45,"5,83,85,100","1,12,81,80,000",,,1.095169351
"Mar 13, 2016",13.51,15.26,13.47,14.48,"4,39,15,100","1,04,99,30,000",,,1.160768562
"Mar 12, 2016",11.13,13.53,11.09,13.53,"4,89,57,300","86,47,33,000",,,1.131297797
"Mar 11, 2016",11.22,11.6,10.39,11.08,"2,10,02,700","87,15,11,000",,,1.04453976
"Mar 10, 2016",11.88,12.24,10.99,11.31,"2,68,51,500","92,24,52,000",,,1.053462605
"Mar 09, 2016",9.79,12.05,9.67,11.9,"2,75,40,500","76,00,17,000",,,1.075546961
"Mar 08, 2016",9.58,10.17,8.82,9.85,"2,55,24,300","74,34,56,000",,,0.99343623
"Mar 07, 2016",11.43,11.65,9.31,9.55,"3,40,85,100","88,64,47,000",,,0.980003372
"Mar 06, 2016",11.2,11.84,9.99,11.38,"3,91,12,000","86,87,36,000",,,1.056142262
"Mar 05, 2016",10.37,12.27,9.97,11,"5,64,39,600","80,38,27,000",,,1.041392685
"Mar 04, 2016",9.24,10.41,8.48,10.41,"3,55,20,100","71,60,27,000",,,1.01745073
"Mar 03, 2016",8.44,10.1,8.33,9.29,"4,03,14,900","65,39,59,000",,,0.968015714
"Mar 02, 2016",7.63,8.75,7.37,8.47,"2,91,30,200","59,10,78,000",,,0.92788341
"Mar 01, 2016",6.32,7.91,6.31,7.65,"2,30,98,100","48,91,88,000",,,0.883661435
"Feb 29, 2016",6.46,6.61,6.05,6.34,"76,48,020","49,95,87,000",,,0.802089258
"Feb 28, 2016",6.41,6.62,6.24,6.47,"98,51,660","49,55,45,000",,,0.810904281
"Feb 27, 2016",5.96,6.53,5.92,6.43,"89,03,210","46,11,69,000",,,0.808210973
"Feb 26, 2016",6.04,6.27,5.74,5.92,"95,26,860","46,67,97,000",,,0.772321707
"Feb 25, 2016",6.19,6.65,5.55,6.1,"2,14,71,800","47,81,49,000",,,0.785329835
"Feb 24, 2016",5.6,6.24,5.51,6.24,"1,14,26,500","43,29,77,000",,,0.79518459
"Feb 23, 2016",5.68,5.95,5.39,5.59,"1,33,80,600","43,90,84,000",,,0.747411808
"Feb 22, 2016",4.66,5.65,4.64,5.62,"1,50,56,200","36,01,85,000",,,0.749736316
"Feb 21, 2016",4.36,4.71,4.23,4.65,"64,13,550","33,65,72,000",,,0.667452953
"Feb 20, 2016",4.68,4.75,4.13,4.34,"86,31,090","36,12,81,000",,,0.63748973
"Feb 19, 2016",4.38,4.79,4.27,4.74,"76,66,320","33,82,22,000",,,0.675778342
"Feb 18, 2016",3.77,4.77,3.42,4.4,"1,70,54,000","29,10,68,000",,,0.643452676
"Feb 17, 2016",4.29,4.77,3.5,3.76,"1,54,51,000","33,06,35,000",,,0.575187845
"Feb 16, 2016",5.33,5.47,4.03,4.32,"1,58,89,100","41,06,05,000",,,0.635483747
"Feb 15, 2016",5.33,5.89,5.02,5.29,"1,39,34,200","41,06,43,000",,,0.723455672
"Feb 14, 2016",5.4,5.47,4.45,5.24,"1,12,26,500","41,61,93,000",,,0.719331287
"Feb 13, 2016",5.69,5.72,4.19,5.39,"2,42,18,800","43,76,67,000",,,0.731588765
"Feb 12, 2016",5.95,6.58,5.07,5.55,"2,33,60,800","45,76,18,000",,,0.744292983
"Feb 11, 2016",4.5,6.29,4.34,6.01,"2,64,08,200","34,59,64,000",,,0.778874472
"Feb 10, 2016",4,4.86,3.78,4.44,"2,86,40,400","30,76,84,000",,,0.64738297
"Feb 09, 2016",3.17,4.04,3.17,4.04,"1,79,54,000","24,41,10,000",,,0.606381365
"Feb 08, 2016",2.97,3.27,2.88,3.18,"97,25,690","22,85,04,000",,,0.50242712
"Feb 07, 2016",2.54,3.06,2.54,2.96,"70,07,060","19,48,84,000",,,0.471291711
"Feb 06, 2016",2.53,2.56,2.47,2.53,"19,21,240","19,46,21,000",,,0.403120521
"Feb 05, 2016",2.57,2.61,2.47,2.54,"26,36,700","19,73,63,000",,,0.404833717
"Feb 04, 2016",2.53,2.63,2.44,2.58,"35,52,320","19,41,26,000",,,0.411619706
"Feb 03, 2016",2.43,2.54,2.34,2.53,"39,87,750","18,66,09,000",,,0.403120521
"Feb 02, 2016",2.22,2.45,2.16,2.44,"34,51,270","16,99,23,000",,,0.387389826
"Feb 01, 2016",2.32,2.32,2.12,2.21,"39,94,100","17,78,81,000",,,0.344392274
"Jan 31, 2016",2.44,2.53,2.19,2.31,"58,47,500","18,72,89,000",,,0.36361198
"Jan 30, 2016",2.51,2.61,2.4,2.45,"37,25,080","19,21,76,000",,,0.389166084
"Jan 29, 2016",2.54,2.61,2.3,2.49,"66,62,340","19,48,15,000",,,0.396199347
"Jan 28, 2016",2.41,2.68,2.34,2.53,"49,03,850","18,42,94,000",,,0.403120521
"Jan 27, 2016",2.25,2.59,2.19,2.39,"69,61,080","17,20,61,000",,,0.378397901
"Jan 26, 2016",2.53,2.84,1.99,2.28,"1,39,39,200","19,38,38,000",,,0.357934847
"Jan 25, 2016",2.15,2.66,2.06,2.5,"1,07,39,300","16,43,13,000",,,0.397940009
"Jan 24, 2016",1.9,2.3,1.9,2.14,"96,69,770","14,53,58,000",,,0.330413773
"Jan 23, 2016",1.5,2.03,1.5,1.97,"73,70,980","11,50,02,000",,,0.294466226
"Jan 22, 2016",1.55,1.58,1.47,1.5,"15,67,240","11,82,44,000",,,0.176091259
"Jan 21, 2016",1.53,1.59,1.49,1.55,"16,14,960","11,71,11,000",,,0.190331698
"Jan 20, 2016",1.36,1.62,1.35,1.53,"29,33,220","10,41,24,000",,,0.184691431
"Jan 19, 2016",1.42,1.46,1.31,1.37,"24,46,740","10,86,28,000",,,0.136720567
"Jan 18, 2016",1.33,1.54,1.32,1.43,"42,78,930","10,16,99,000",,,0.155336037
"Jan 17, 2016",1.22,1.33,1.21,1.33,"11,71,150","9,32,07,300",,,0.123851641
"Jan 16, 2016",1.22,1.31,1.17,1.22,"24,62,630","9,30,99,400",,,0.086359831
"Jan 15, 2016",1.18,1.32,1.14,1.21,"39,10,550","9,03,21,700",,,0.08278537
"Jan 14, 2016",1.12,1.19,1.1,1.19,"7,51,961","8,55,39,300",,,0.075546961
"Jan 13, 2016",1.14,1.15,1.08,1.13,"10,05,910","8,65,30,000",,,0.053078443
"Jan 12, 2016",1.07,1.28,1.05,1.14,"28,98,760","8,12,17,300",,,0.056904851
"Jan 11, 2016",0.999216,1.07,0.999216,1.06,"10,11,920","7,60,96,500",,,0.025305865
"Jan 10, 2016",0.985557,1,0.975099,0.999231,"3,90,888","7,50,31,200",,,-0.000334101
"Jan 09, 2016",0.985501,0.992345,0.9736,0.986833,"2,26,281","7,50,01,800",,,-0.005756336
"Jan 08, 2016",0.942752,0.991825,0.939715,0.986789,"5,45,600","7,17,24,000",,,-0.0057757
"Jan 07, 2016",0.955801,0.974623,0.93583,0.942005,"6,47,462","7,26,92,900",,,-0.025946792
"Jan 06, 2016",0.950028,0.960659,0.935708,0.95086,"3,08,791","7,22,29,700",,,-0.021883422
"Jan 05, 2016",0.953147,0.970597,0.946543,0.950176,"2,19,833","7,24,42,400",,,-0.022195943
"Jan 04, 2016",0.972045,0.976438,0.929835,0.95448,"3,46,245","7,38,53,900",,,-0.020233167
"Jan 03, 2016",0.93843,0.991362,0.934313,0.971905,"4,07,632","7,12,75,900",,,-0.012376184
"Jan 02, 2016",0.947401,0.969637,0.93656,0.937124,"2,55,504","7,19,33,100",,,-0.02820294
"Jan 01, 2016",0.933712,0.954822,0.931442,0.948024,"2,06,062","7,08,70,900",,,-0.023180668
"Dec 31, 2015",0.912098,0.975414,0.910277,0.933542,"6,63,994","6,92,07,400",,,-0.029866138
"Dec 30, 2015",0.874258,0.941099,0.866647,0.911958,"6,04,078","6,63,14,200",,,-0.040025163
"Dec 29, 2015",0.843835,0.873054,0.833232,0.873054,"2,15,742","6,39,85,600",,,-0.058958894
"Dec 28, 2015",0.856356,0.872394,0.832932,0.845005,"2,35,134","6,49,13,200",,,-0.073140721
"Dec 27, 2015",0.853166,0.861538,0.841151,0.856365,"1,64,565","6,46,50,000",,,-0.067341091
"Dec 26, 2015",0.870766,0.897453,0.838314,0.854603,"4,25,282","6,59,61,900",,,-0.068235587
"Dec 25, 2015",0.861993,0.882556,0.861993,0.870363,"1,87,114","6,52,75,400",,,-0.06029958
"Dec 24, 2015",0.859433,0.882818,0.8476,0.863262,"3,54,646","6,50,60,000",,,-0.063857376
"Dec 23, 2015",0.861782,0.88294,0.856065,0.858077,"3,34,993","6,52,15,800",,,-0.066473739
"Dec 22, 2015",0.894973,0.909526,0.862059,0.864202,"4,54,249","6,77,04,600",,,-0.063384733
"Dec 21, 2015",0.906065,0.91739,0.891182,0.900771,"5,49,113","6,85,21,200",,,-0.045385604
"Dec 20, 2015",0.90824,0.943185,0.899441,0.903885,"4,72,164","6,86,63,100",,,-0.043886821
"Dec 19, 2015",0.921524,0.925874,0.888916,0.908072,"3,43,535","6,96,44,200",,,-0.041879715
"Dec 18, 2015",0.938327,0.939493,0.908081,0.920127,"3,00,787","7,08,90,600",,,-0.036152225
"Dec 17, 2015",0.993043,0.997611,0.911807,0.940701,"6,40,765","7,49,99,300",,,-0.026548394
"Dec 16, 2015",1.02,1.02,0.974927,0.991182,"3,20,767","7,67,91,600",,,-0.003846593
"Dec 15, 2015",0.990589,1.03,0.98224,1.01,"5,78,618","7,47,64,100",,,0.004321374
"Dec 14, 2015",0.95662,1.01,0.950178,0.993022,"5,63,436","7,21,76,400",,,-0.00304113
"Dec 13, 2015",0.971538,0.989394,0.937438,0.952884,"2,73,614","7,32,76,400",,,-0.020959965
"Dec 12, 2015",0.931196,1.05,0.928546,0.976973,"13,76,280","7,02,10,000",,,-0.010117438
"Dec 11, 2015",0.839995,0.929762,0.819789,0.929762,"8,01,072","6,33,12,400",,,-0.031628208
"Dec 10, 2015",0.79559,0.86159,0.787291,0.840396,"3,69,589","5,99,45,000",,,-0.075516023
"Dec 09, 2015",0.824454,0.824454,0.770488,0.792167,"6,24,221","6,20,98,400",,,-0.101183253
"Dec 08, 2015",0.806024,0.823645,0.782328,0.822118,"4,45,903","6,06,90,400",,,-0.085065843
"Dec 07, 2015",0.836322,0.850791,0.78765,0.811264,"5,20,409","6,29,50,900",,,-0.090837795
"Dec 06, 2015",0.866417,0.882436,0.833115,0.8355,"4,43,608","6,51,94,900",,,-0.078053546
"Dec 05, 2015",0.841195,0.872821,0.824444,0.862438,"2,32,743","6,32,76,000",,,-0.064272116
"Dec 04, 2015",0.812082,0.859575,0.802373,0.840041,"2,41,278","6,10,65,700",,,-0.075699517
"Dec 03, 2015",0.818546,0.837664,0.785086,0.812143,"5,39,969","6,15,30,500",,,-0.090367495
"Dec 02, 2015",0.873171,0.878017,0.818924,0.82121,"5,06,307","6,56,15,700",,,-0.085545771
"Dec 01, 2015",0.878316,0.886736,0.853937,0.8748,"6,52,857","6,59,80,000",,,-0.058091226
"Nov 30, 2015",0.879951,0.895054,0.847696,0.873119,"7,84,439","6,60,80,400",,,-0.058926561
"Nov 29, 2015",0.914144,0.914153,0.860533,0.878614,"4,48,358","6,86,25,100",,,-0.056201881
"Nov 28, 2015",0.868102,0.929293,0.862122,0.915703,"4,62,464","6,51,47,000",,,-0.038245363
"Nov 27, 2015",0.8821,0.900051,0.860695,0.867951,"4,03,813","6,61,74,600",,,-0.061504792
"Nov 26, 2015",0.863273,0.903643,0.80436,0.884183,"9,47,473","6,47,40,900",,,-0.053457839
"Nov 25, 2015",0.893827,0.899493,0.851106,0.863537,"6,22,991","6,70,10,200",,,-0.063719049
"Nov 24, 2015",0.946442,0.948055,0.895931,0.900191,"5,24,195","7,09,31,100",,,-0.045665333
"Nov 23, 2015",0.967493,0.969057,0.93387,0.946969,"4,41,875","7,24,84,200",,,-0.023664238
"Nov 22, 2015",0.979765,0.984132,0.958982,0.968018,"3,72,173","7,33,78,800",,,-0.014116567
"Nov 21, 2015",0.928758,0.978743,0.92094,0.97614,"4,55,976","6,95,35,300",,,-0.01048789
"Nov 20, 2015",0.955735,0.955735,0.898576,0.92492,"6,14,335","7,15,32,500",,,-0.033895829
"Nov 19, 2015",0.988713,1.01,0.937498,0.955532,"4,43,528","7,39,76,100",,,-0.019754764
"Nov 18, 2015",0.993214,1.01,0.940516,0.993319,"6,81,104","7,42,87,700",,,-0.002911257
"Nov 17, 2015",0.924948,1.03,0.905794,1.01,"11,45,440","6,91,57,900",,,0.004321374
"Nov 16, 2015",0.906166,0.944732,0.891971,0.928962,"6,20,945","6,77,30,700",,,-0.032002051
"Nov 15, 2015",0.891217,0.921516,0.874957,0.906368,"4,11,848","6,65,90,200",,,-0.042695436
"Nov 14, 2015",0.905469,0.906113,0.876908,0.888812,"3,72,514","6,76,31,900",,,-0.051190091
"Nov 13, 2015",0.907722,0.917309,0.846023,0.904096,"5,43,671","6,77,77,000",,,-0.043785452
"Nov 12, 2015",0.796455,0.913919,0.76351,0.895711,"8,06,156","5,94,48,700",,,-0.047832092
"Nov 11, 2015",0.941296,0.945278,0.729775,0.791829,"12,78,580","7,02,36,200",,,-0.101368597
"Nov 10, 2015",1,1.05,0.920968,0.934348,"8,54,581","7,46,85,300",,,-0.02949134
"Nov 09, 2015",1.03,1.11,0.945263,0.999278,"20,45,290","7,69,91,800",,,-0.000313674
"Nov 08, 2015",0.915661,1.03,0.915661,1.03,"10,21,460","6,82,54,300",,,0.012837225
"Nov 07, 2015",0.923732,0.943787,0.863539,0.927974,"8,90,187","6,88,33,200",,,-0.032464192
"Nov 06, 2015",0.904772,0.989848,0.852929,0.926032,"9,13,666","6,73,97,100",,,-0.033374006
"Nov 05, 2015",0.900699,0.991259,0.860382,0.895637,"11,79,840","6,70,70,700",,,-0.047867973
"Nov 04, 2015",1.01,1.04,0.725665,0.89905,"30,60,340","7,52,32,400",,,-0.046216155
"Nov 03, 2015",0.994568,1.07,0.936615,1.01,"19,07,690","7,40,10,000",,,0.004321374
"Nov 02, 2015",1.06,1.1,0.953647,0.989789,"11,45,200","7,87,01,400",,,-0.004457377
"Nov 01, 2015",0.920847,1.08,0.899082,1.06,"5,88,913","6,84,77,200",,,0.025305865
"Oct 31, 2015",1.05,1.06,0.900171,0.916627,"6,73,892","7,78,00,300",,,-0.037807354
"Oct 30, 2015",1.21,1.35,0.96816,1.04,"24,29,200","8,98,57,400",,,0.017033339
"Oct 29, 2015",1.01,1.21,0.947374,1.21,"22,79,240","7,46,75,600",,,0.08278537
"Oct 28, 2015",0.870938,1.06,0.807857,1,"23,73,050","6,46,76,600",,,0
"Oct 27, 2015",0.70889,0.898172,0.70889,0.869641,"18,46,370","5,26,24,300",,,-0.060659993
"Oct 26, 2015",0.619743,0.757517,0.597098,0.731317,"10,89,120","4,59,91,300",,,-0.135894331
"Oct 25, 2015",0.563207,0.688192,0.561383,0.616039,"6,35,384","4,17,81,300",,,-0.210391793
"Oct 24, 2015",0.539681,0.577396,0.518688,0.56359,"2,58,356","4,00,22,100",,,-0.249036721
"Oct 23, 2015",0.56637,0.611743,0.504284,0.539657,"8,78,822","4,19,86,400",,,-0.267882185
"Oct 22, 2015",0.444988,0.619466,0.420991,0.567702,"9,24,822","3,29,77,300",,,-0.245879576
"Oct 21, 2015",0.431589,0.482988,0.420897,0.447329,"6,09,085","3,19,73,600",,,-0.349372946
"Oct 20, 2015",0.489629,0.501898,0.431648,0.434829,"3,83,921","3,62,61,200",,,-0.361681499
"Oct 19, 2015",0.517621,0.521546,0.480994,0.489014,"2,43,742","3,83,21,300",,,-0.310678707
"Oct 18, 2015",0.547913,0.552234,0.512861,0.517734,"1,33,690","4,05,50,400",,,-0.285893314
"Oct 17, 2015",0.534117,0.56346,0.526961,0.547178,"3,13,860","3,95,15,900",,,-0.261871372
"Oct 16, 2015",0.562593,0.568861,0.522533,0.536495,"2,49,891","4,16,08,900",,,-0.270434321
"Oct 15, 2015",0.523278,0.572714,0.51473,0.561878,"3,71,022","3,86,88,300",,,-0.250357972
"Oct 14, 2015",0.61224,0.61224,0.483974,0.522968,"9,71,664","4,52,50,600",,,-0.281524884
"Oct 13, 2015",0.627943,0.63024,0.599214,0.607655,"3,03,044","4,63,95,200",,,-0.216342924
"Oct 12, 2015",0.634515,0.657789,0.62603,0.62603,"1,09,567","4,68,64,200",,,-0.203404854
"Oct 11, 2015",0.627461,0.639506,0.618335,0.634963,"1,02,128","4,63,27,500",,,-0.197251581
"Oct 10, 2015",0.641187,0.649022,0.624374,0.627857,"1,41,555","4,73,25,200",,,-0.202139259
"Oct 09, 2015",0.655084,0.692296,0.632116,0.650628,"3,86,420","4,83,34,900",,,-0.186667251
"Oct 08, 2015",0.609501,0.633138,0.591971,0.621716,"3,10,266","4,49,55,900",,,-0.206407956
"Oct 07, 2015",0.650515,0.656301,0.602423,0.609388,"2,18,327","4,79,64,700",,,-0.215106102
"Oct 06, 2015",0.622218,0.653944,0.60623,0.650645,"2,62,674","4,58,63,300",,,-0.186655903
"Oct 05, 2015",0.666784,0.674438,0.62445,0.628643,"2,34,263","4,91,31,600",,,-0.201595916
"Oct 04, 2015",0.686343,0.693126,0.660716,0.668379,"1,03,497","5,05,56,000",,,-0.174977204
"Oct 03, 2015",0.678783,0.709204,0.675482,0.687171,"1,63,326","4,99,81,900",,,-0.162935177
"Oct 02, 2015",0.683732,0.69112,0.654605,0.678574,"2,19,318","5,03,28,700",,,-0.168402785
"Oct 01, 2015",0.734307,0.734307,0.655906,0.690215,"5,96,084","5,40,32,300",,,-0.161015607
"Sep 30, 2015",0.661192,0.746722,0.635861,0.738644,"6,19,926","4,86,36,600",,,-0.131564826
"Sep 29, 2015",0.579414,0.67583,0.558346,0.661146,"9,13,992","4,26,07,700",,,-0.179702625
"Sep 28, 2015",0.723715,0.725677,0.557062,0.582886,"13,20,890","5,32,01,800",,,-0.234416376
"Sep 27, 2015",0.791277,0.791277,0.719169,0.720839,"4,13,801","5,81,49,600",,,-0.142161724
"Sep 26, 2015",0.73763,0.787544,0.709328,0.785964,"3,69,620","5,41,88,900",,,-0.104597346
"Sep 25, 2015",0.820031,0.825665,0.712745,0.736223,"9,03,457","6,02,21,400",,,-0.132990619
"Sep 24, 2015",0.896796,0.908571,0.79346,0.81361,"8,42,505","6,58,36,400",,,-0.089583722
"Sep 23, 2015",0.90356,0.90891,0.885136,0.893406,"2,00,541","6,63,09,600",,,-0.048951135
"Sep 22, 2015",0.919337,0.919337,0.865225,0.901796,"4,87,914","6,74,44,200",,,-0.044891695
"Sep 21, 2015",0.941496,0.957326,0.878301,0.919047,"4,24,039","6,90,45,900",,,-0.036662278
"Sep 20, 2015",0.881191,0.947741,0.873205,0.938445,"5,08,314","6,46,00,000",,,-0.027591175
"Sep 19, 2015",0.849603,0.911883,0.833784,0.882391,"3,86,988","6,22,62,700",,,-0.05433893
"Sep 18, 2015",0.874574,0.888102,0.833908,0.853685,"4,84,622","6,40,71,300",,,-0.068702349
"Sep 17, 2015",0.906865,0.909204,0.831132,0.874231,"8,97,940","6,64,15,200",,,-0.058373798
"Sep 16, 2015",0.941977,0.952698,0.901639,0.907175,"6,15,593","6,89,63,300",,,-0.042308927
"Sep 15, 2015",0.875189,1.05,0.875189,0.94441,"7,03,390","6,40,52,400",,,-0.024839423
"Sep 14, 2015",0.940566,0.949387,0.87176,0.875622,"7,41,085","6,88,14,400",,,-0.057683335
"Sep 13, 2015",1.04,1.04,0.902832,0.936003,"6,44,138","7,61,93,600",,,-0.028722759
"Sep 12, 2015",0.987228,1.11,0.96978,1.04,"7,72,430","7,21,79,000",,,0.017033339
"Sep 11, 2015",1.16,1.17,0.940675,0.982978,"19,42,600","8,51,44,300",,,-0.007456202
"Sep 10, 2015",1.21,1.22,1.14,1.17,"6,62,782","8,82,30,500",,,0.068185862
"Sep 09, 2015",1.24,1.26,1.2,1.21,"3,66,748","9,05,18,300",,,0.08278537
"Sep 08, 2015",1.25,1.28,1.23,1.24,"4,27,892","9,10,20,700",,,0.093421685
"Sep 07, 2015",1.3,1.31,1.24,1.25,"4,89,014","9,45,85,300",,,0.096910013
"Sep 06, 2015",1.34,1.37,1.29,1.3,"4,91,968","9,76,25,500",,,0.113943352
"Sep 05, 2015",1.28,1.34,1.27,1.34,"4,48,453","9,34,02,300",,,0.127104798
"Sep 04, 2015",1.26,1.3,1.24,1.27,"4,74,391","9,22,34,100",,,0.103803721
"Sep 03, 2015",1.3,1.31,1.21,1.26,"7,02,991","9,44,18,700",,,0.100370545
"Sep 02, 2015",1.35,1.35,1.26,1.29,"8,83,769","9,85,04,600",,,0.11058971
"Sep 01, 2015",1.35,1.39,1.34,1.35,"7,78,862","9,86,17,200",,,0.130333768
"Aug 31, 2015",1.32,1.4,1.2,1.36,"14,47,180","9,62,51,000",,,0.133538908
"Aug 30, 2015",1.18,1.37,1.17,1.32,"13,37,650","8,61,45,900",,,0.120573931
"Aug 29, 2015",1.19,1.21,1.15,1.18,"3,75,377","8,68,87,600",,,0.071882007
"Aug 28, 2015",1.15,1.21,1.12,1.19,"7,21,872","8,35,21,700",,,0.075546961
"Aug 27, 2015",1.17,1.19,1.14,1.15,"6,86,662","8,51,06,100",,,0.06069784
"Aug 26, 2015",1.13,1.2,1.06,1.16,"10,56,750","8,23,84,400",,,0.064457989
"Aug 25, 2015",1.23,1.24,1.13,1.14,"13,07,180","8,93,21,900",,,0.056904851
"Aug 24, 2015",1.35,1.36,1.23,1.23,"9,24,920","9,77,91,600",,,0.089905111
"Aug 23, 2015",1.38,1.41,1.3,1.35,"15,89,300","9,98,94,500",,,0.130333768
"Aug 22, 2015",1.4,1.48,1.35,1.38,"9,48,310","10,14,04,000",,,0.139879086
"Aug 21, 2015",1.48,1.56,1.35,1.4,"20,20,970","10,72,66,000",,,0.146128036
"Aug 20, 2015",1.25,1.53,1.25,1.46,"28,43,760","9,08,09,000",,,0.164352856
"Aug 19, 2015",1.17,1.32,1.17,1.26,"14,86,240","8,46,63,900",,,0.100370545
"Aug 18, 2015",1.22,1.33,1.09,1.09,"14,85,680","8,81,43,200",,,0.037426498
"Aug 17, 2015",1.58,1.58,1.19,1.2,"19,42,830","9,58,19,700",,,0.079181246
"Aug 16, 2015",1.68,1.7,1.09,1.57,"35,50,790","10,20,28,000",,,0.195899652
"Aug 15, 2015",1.8,1.88,1.57,1.69,"25,54,360","10,91,60,000",,,0.227886705
"Aug 14, 2015",1.81,2.26,1.75,1.83,"46,37,030","10,95,94,000",,,0.26245109
"Aug 13, 2015",1.22,1.97,1.17,1.83,"40,68,680","7,39,35,400",,,0.26245109
"Aug 12, 2015",1.06,1.29,0.883608,1.22,"21,50,620","6,40,18,400",,,0.086359831
"Aug 11, 2015",0.708087,1.13,0.663235,1.07,"14,63,100","4,27,96,500",,,0.029383778
"Aug 10, 2015",0.713989,0.729854,0.636546,0.708448,"4,05,283","4,31,30,000",,,-0.149692021
"Aug 09, 2015",0.706136,0.87981,0.629191,0.701897,"5,32,170","4,26,37,600",,,-0.153726614
"Aug 08, 2015",2.79,2.8,0.714725,0.753325,"6,74,188","16,79,11,000",,,-0.12301762
"Aug 07, 2015",2.83,3.54,2.52,2.77,"1,64,329",-,,,0.442479769
