7589.5,7600.45,7541.25,206645021,8209.5,7555.95,,1,
7566.65,7576.3,7428.05,237338907,8030.99,7455.55,,2,
7392.45,7419.4,7350.3,197863301,6748.17,7361.8,,3,
7411.45,7457.05,7365.95,229563364,7465.35,7404,,4,
7418.25,7503.15,7406.65,257518899,8628.24,7489.1,,5,
7489.7,7512.55,7363.2,176758985,5746.45,7387.25,,6,
7303.95,7323.45,7275.15,218730280,7415.13,7298.2,,7,
7264.3,7271.85,7177.75,254481339,8129.65,7215.7,,8,
7203.6,7208.65,6959.95,301302956,9250.27,6976.35,,9,
7023.65,7034.8,6869,344210729,11062.63,6980.95,,10,
7057.35,7182.8,7056.8,365217073,10204.34,7162.95,,11,
7201.25,7204.65,7037.7,261607451,7638.39,7048.25,,12,
7058.85,7123.7,6960.65,268017961,7686.32,7108.45,,13,
7177.4,7215.1,7127.85,254331498,8051.51,7191.75,,14,
7170.55,7226.85,7145.95,198206480,6156.58,7210.75,,15,
7208.85,7252.4,7200.7,159162842,5832.89,7234.55,,16,
7240.3,7241.7,7090.7,200396978,6433.16,7109.55,,17,
7075,7090.8,7009.75,205898417,6497.18,7018.7,,18,
7029.85,7034.2,6961.4,291932544,9090.16,6970.6,,19,
7039.3,7052.9,6985.1,213142575,6880.96,7029.75,,20,
7050.45,7094.6,6825.8,487969285,15992.15,6987.05,,21,
7038.25,7235.5,7035.1,283561570,9896.58,7222.3,,22,
7321.7,7380.35,7308.15,348965708,10983.06,7368.85,,23,
7429.55,7483.95,7406.05,287248532,9255.43,7475.6,,24,
7505.4,7505.9,7444.1,290441230,8135.06,7485.35,,25,
7486.4,7527.15,7442.15,264945393,8417.86,7485.3,,26,
7436.1,7539,7424.3,252709391,9036.29,7531.8,,27,
7545.35,7547.1,7447.4,231584305,8875.92,7486.15,,28,
7484.85,7543.95,7460.6,204806572,7558.55,7510.2,,29,
7542.6,7583.7,7515.05,172067214,6330.45,7538.75,,30,
7535.85,7545.2,7452.8,199653871,7577.78,7460.6,,31,
7457.05,7508,7405.15,201430035,7102.59,7498.75,,32,
7557.4,7585.3,7479.4,247043954,9539.89,7512.55,,33,
7534.65,7613.6,7517.9,244727490,9971.59,7604.35,,34,
7619.2,7713.55,7617.7,202853386,8381.51,7704.25,,35,
7695.55,7728.2,7643.8,215355848,8628.05,7714.9,,36,
7717.45,7726.85,7670.6,205794773,7612.54,7716.5,,37,
7741,7749.4,7587.7,249905118,10102.36,7615.1,,38,
7606.55,7652.9,7582.25,223493457,10474.75,7597,,39,
7651.1,7741.95,7643.45,239843751,9908.6,7735.2,,40,
7727.65,7777.6,7702,391914059,15918.74,7738.4,,41,
7718.05,7740.15,7666.1,189571551,8118.47,7713.05,,42,
7733.15,7764.45,7704.4,160277940,6506.44,7758.8,,43,
7736.3,7736.3,7588.65,210126897,8412.34,7603.2,,44,
7636.05,7638.65,7591.75,170653808,6802.69,7614.35,,45,
7630.4,7630.75,7535.85,241684050,7709.23,7546.45,,46,
7542.35,7569.35,7526.7,147816460,5981.23,7555.2,,47,
7577.8,7678.8,7516.85,185353268,7055.61,7671.4,,48,
7669.25,7717.4,7663.35,168508978,6945.44,7708.95,,49,
7777.15,7864.8,7772.2,227217288,10071.44,7850.45,,50,
7908.15,7920.6,7842.75,190258561,10356.03,7914.7,,51,
7950.05,7950.4,7877.55,211630060,10069.83,7914.75,,52,
7953.65,7978.45,7884.1,230577117,9613.3,7912.05,,53,
7891.8,7923.35,7873.35,188988540,7714.04,7899.3,,54,
7894.8,7911,7827,150776959,7362.13,7855.05,,55,
7828.15,7974.5,7822.55,208656803,9686.21,7962.65,,56,
7942,7991,7940.55,213174058,9669.04,7979.9,,57,
7967.4,7992,7834.45,301485186,14943.3,7847.25,,58,
7844.25,7889.05,7788.7,251227047,9872.58,7849.8,,59,
7822.7,7829.8,7777.3,150818181,6079.16,7805.9,,60,
7824.8,7890.25,7735.15,192271370,8536.83,7747,,61,
7724.15,7749,7697.25,205939089,7816.27,7706.55,,62,
7731,7777.55,7706.85,190792828,8089.45,7735.5,,63,
7717.65,7738.9,7678.35,168662226,6296.51,7733.45,,64,
7755.25,7873.65,7753.55,165616829,7559.77,7866.05,,65,
7873.55,7896.9,7837.7,166957276,7306.72,7887.8,,66,
7804.65,7893.1,7780.9,220712496,9394.05,7848.85,,67,
7871.45,7916.05,7849.65,157444918,7171.91,7900.4,,68,
7881,7881,7784.2,185061782,10152.08,7814.9,,69,
7831.2,7873.9,7772.15,211547775,7790.24,7860.75,,70,
7896.85,7940.1,7879.7,189140810,8195.95,7890.75,,71,
7846.75,7882.05,7810.75,161169418,7333.13,7870.15,,72,
7875.5,7876.2,7766.8,175711829,7163.38,7783.4,,73,
7792.2,7812.4,7735.75,161889432,6798.89,7749.7,,74,
7813.95,7820.6,7722.2,177347948,7141.74,7731.05,,75,
7738.05,7761.55,7715.8,151538169,6119.23,7748.85,,76,
7811.8,7941.2,7809.3,181636649,8202.39,7934.9,,77,
7974.45,8083,7948.5,272456307,12422,8069.65,,78,
8081.95,8164.2,8077.05,268963949,10607.22,8156.65,,79,
8166.5,8200,8150.8,255086293,9199.38,8178.5,,80,
8209.85,8213.6,8134.3,485645737,21491.53,8160.1,,81,
8179.2,8215.35,8171.05,200371829,8408.53,8179.95,,82,
8156.9,8229.5,8154.75,187316365,8389.69,8218.95,,83,
8246.2,8262,8209.85,390652017,10762.52,8220.8,,84,
8228.75,8234.7,8186.05,176885226,7657.92,8201.05,,85,
8235.55,8294.95,8216.4,249365706,10462.49,8266.45,,86,
8285.5,8288.9,8252.05,179710369,7614.02,8273.05,,87,
8273.35,8273.35,8184.6,180293039,7973.1,8203.6,,88,
8180.25,8265.6,8162.85,187757375,7853.83,8170.05,,89,
8102.25,8125.25,8063.9,174916286,7343.99,8110.6,,90,
8134.4,8134.95,8069.5,150042362,6003.23,8108.85,,91,
8139.4,8213.2,8123.15,174953935,6945.89,8206.6,,92,
8180.65,8180.65,8074.45,195028743,7764.57,8140.75,,93,
8176.65,8195.25,8135.8,171842760,7741.9,8170.2,,94,
8115.75,8244.15,8107.35,173750792,7392.97,8238.5,,95,
8255.4,8257.25,8202.15,141161921,5978.26,8219.9,,96,
8213.65,8238.35,8153.25,140268297,6377.69,8203.7,,97,
8201.15,8285.6,8188.3,158852677,6805.86,8270.45,,98,
8029.1,8100.7,7927.05,306803641,13263.08,8088.6,,99,
8039.35,8120.65,8039.35,167462711,7614.06,8094.7,,100,
8096.05,8146.35,8086.85,175724276,7777.39,8127.85,,101,
8173.1,8212.4,8157.65,151499716,6940.87,8204,,102,
8260.25,8308.15,8242.1,288031935,12346.32,8287.75,,103,
8313.05,8356.75,8308.65,170581881,7358.38,8328.35,,104,
8376.75,8398.45,8364.7,158955823,6662.92,8370.7,,105,
8379.3,8381.45,8319.95,143253937,5976.01,8335.95,,106,
8342,8361.95,8317.7,160327315,7592.94,8337.9,,107,
8350,8353.3,8287.55,142159935,6886.33,8323.2,,108,
8413.35,8475.25,8407.05,154399933,7576.69,8467.9,,109,
8502.6,8526.6,8479.2,189339750,7873.74,8521.05,,110,
8540.45,8550.25,8493.55,201492184,8284.38,8519.5,,111,
8515.75,8571.4,8500.7,158738499,6890.07,8565,,112,
8565.45,8594.8,8510.05,228598684,12375.84,8541.4,,113,
8564.05,8587.1,8494.35,169400452,8200.06,8508.7,,114,
8514.3,8540.05,8476.7,173050805,7928.14,8528.55,,115,
8515.45,8569.9,8512.55,165349380,7936.36,8565.85,,116,
8582.7,8585.25,8503.45,154575685,7399.71,8510.1,,117,
8519.65,8548.95,8489.8,147619642,6504,8541.2,,118,
8519.95,8641.15,8517.2,154631398,7850.12,8635.65,,119,
8633.75,8644.9,8577.15,159563469,8765.45,8590.65,,120,
8599.4,8665,8572.05,189796380,10885.88,8615.8,,121,
8636.95,8674.7,8625.25,240721865,12998.06,8666.3,,122,
8668.3,8670.35,8631.15,161935155,8428.8,8638.5,,123,
8654.3,8711.3,8590.5,194186858,9881.67,8636.55,,124,
8647.45,8687.2,8611.4,174556789,8652.31,8622.9,,125,
8635.2,8635.45,8529.6,168033073,8507.82,8544.85,,126,
8599.95,8601.4,8518.15,169780463,7399.03,8551.1,,127,
8600.2,8689.4,8590.15,162784913,7635.01,8683.15,,128,
8712.85,8723.5,8697.6,177877012,7862.15,8711.35,,129,
8727.8,8728.35,8638.2,206261255,9111.4,8678.25,,130,
8686.7,8690.1,8564.6,178963496,8206.18,8575.3,,131,
8572.8,8601.15,8540.05,195114539,8634.8,8592.15,,132,
8605.45,8684.3,8604.45,272014034,11998.86,8672.15,,133,
8670.25,8682.35,8600.45,231771409,10937.35,8642.55,,134,
8639.8,8667.1,8603.6,179540691,8161.38,8624.05,,135,
8648.85,8690.7,8645.05,169431656,7900.6,8673.25,,136,
8694.3,8696.6,8647.1,197770568,8354.88,8666.9,,137,
8667,8684.85,8614,156976546,7394.57,8629.15,,138,
8628.35,8642.15,8580,193302503,7309.82,8632.6,,139,
8648.5,8661.05,8620.9,154168043,7199.72,8650.3,,140,
8668.85,8683.05,8583.65,219736214,10508.32,8592.2,,141,
8614.35,8622.95,8547.55,152146666,7153.37,8572.55,,142,
8583.75,8622,8543.75,133723771,6857.99,8607.45,,143,
8646.75,8750.6,8642.25,154828719,8392.76,8744.35,,144,
8754.05,8819.2,8754.05,373422334,22534.29,8786.2,,145,
8793.6,8813.25,8759.95,246336047,9653.93,8774.65,,146,
8796.35,8824.1,8768.2,197385217,8231.93,8809.65,,147,
8852.7,8950.85,8848.45,201617132,9571.31,8943,,148,
8968.7,8968.7,8913.35,299145644,11430.95,8917.95,,149,
8915.5,8960.35,8896,223937056,10773.98,8952.5,,150,
8934.3,8939.15,8858.7,181344327,9976.28,8866.7,,151,
8732.95,8746.95,8699.4,190199613,9248.73,8715.6,,152,
8710.65,8739.85,8688.9,189984289,9112.57,8726.6,,153,
8743.85,8751.95,8704.35,149889703,7347.34,8742.55,,154,
8780.85,8847.65,8750.5,274039556,14430.63,8779.85,,155,
8788.45,8824.3,8774.2,135814177,7364.64,8808.4,,156,
8816.1,8816.45,8759.3,140718486,7035.07,8775.9,,157,
8790.3,8826.85,8757.3,153441330,7572.41,8777.15,,158,
8873.35,8893.35,8837.8,178136644,9305.56,8867.45,,159,
8880.75,8885.2,8820.3,191618169,9793.98,8831.55,,160,
8807.9,8809.55,8715.1,169050086,8518.5,8723.05,,161,
8748.9,8768.5,8690.5,156100521,7446.12,8706.4,,162,
8711.2,8767.05,8703.15,170643694,8348.19,8745.15,,163,
8792.7,8800.65,8558.25,384395249,19467.3,8591.25,,164,
8581.5,8637.15,8555.2,187333285,8849.27,8611.15,,165,
8666.15,8745.2,8635,141472076,7173.62,8738.1,,166,
8770,8783.65,8736.1,189990151,8251.59,8769.15,,167,
8806.35,8806.95,8731.4,162103951,6866.33,8743.95,,168,
8768.7,8781.15,8684.65,168713605,8114.93,8709.55,,169,
8721.7,8723.7,8663.8,155053800,8144.3,8697.6,,170,
8735.35,8745.8,8703.95,111794053,5159.83,8708.8,,171,
8671.5,8681.55,8541.35,218861324,10581.55,8573.35,,172,
8594,8604.45,8549.8,167848947,9613.47,8583.4,,173,
8612.95,8615.4,8506.15,203516577,8590.35,8520.4,,174,
8556.05,8685.1,8555.9,216626083,9162.11,8677.9,,175,
8697.5,8698.75,8636.7,177397872,7790.01,8659.1,,176,
8693.35,8727,8678.3,165952091,7120.32,8699.4,,177,
8708.6,8709.1,8652.05,162162047,8022.44,8693.05,,178,
8709.85,8736.95,8684.15,161966274,6876.28,8708.95,,179,
8721.7,8722.65,8663.45,195696479,8718.02,8691.3,,180,
8657.3,8657.3,8596.6,226133074,9696.9,8615.25,,181,
8607.1,8624.85,8550.25,250336333,12300.53,8615.25,,182,
8625,8653.75,8581.75,180906084,8953.72,8638,,183,
8672.35,8678.25,8616.25,16610872,805.89,8625.7,,184,
8653.15,8669.6,8614.5,170068995,8441.3,8626.25,,185,
8542.8,8549.5,8504.85,160130480,7683.07,8514,,186,
8499.85,8537.65,8476.15,175773254,7558.06,8484.95,,187,
8503.6,8504,8400.25,231783152,11798.48,8433.75,,188,
8535.75,8535.85,8481.45,178070534,8436.7,8497.05,,189,
8540,8559.4,8480.1,201759648,8515.57,8543.55,,190,
8067.5,8476.2,8002.25,323968654,15536.37,8432,,191,
8555.6,8598.45,8510.7,271196930,12386.39,8525.75,,192,
8456.65,8460.6,8284.95,275221694,12485.11,8296.3,,193,
8284.85,8288.55,8093.2,370298063,17387.22,8108.45,,194,
8205.65,8210.05,8089.4,277801233,13705.03,8111.6,,195,
8105.1,8151.25,8060.3,197183084,8713.06,8079.95,,196,
8097.55,8128.95,8048.3,166199545,7901.64,8074.1,,197,
8102.1,8102.45,7916.4,225608889,9199.11,7929.1,,198,
7989.15,8019.05,7938.15,216677654,9000.44,8002.3,,199,
8051.2,8055.2,7973.1,186602328,8681.67,8033.3,,200,
8011.8,8024.85,7952.55,268619026,11868.11,7965.5,,201,
8007.95,8122.25,7976.75,183355873,8920.79,8114.3,,202,
8080.65,8146.5,8066.5,195595287,8666.87,8126.9,,203,
8131.55,8197.35,8128.7,195618384,8486.32,8142.15,,204,
8172.15,8234.25,8139.25,255725357,14473.78,8224.5,,205,
8244,8250.8,8185.05,162597213,7720.96,8192.9,,206,
8153.55,8159.3,8070.05,176767415,8050.5,8086.8,,207,
8088.75,8141.9,8056.85,130435865,6432.02,8128.75,,208,
8153.15,8178.7,8130.85,118854323,5417.56,8143.15,,209,
8168.4,8190.45,8077.5,175024334,7900.03,8102.05,,210,
8152.1,8256.25,8151.75,146857616,7275.01,8246.85,,211,
8271.7,8274.95,8241.95,154344775,6866.81,8261.75,,212,
8230.65,8230.65,8154.45,111432551,5026.02,8170.8,,213,
8196.15,8228.85,8155.8,189739559,8976.54,8221.8,,214,
8229.35,8229.4,8165.1,149132520,6763.63,8182.45,,215,
8128.4,8225.9,8121.95,187425988,8579.44,8153.6,,216,
8178.2,8178.7,8127.45,209268331,9854.07,8139.45,,217,
8126,8132.5,8094.85,110669713,5272.2,8104.35,,218,
8110.6,8124.1,8062.75,132026742,6296.67,8082.4,,219,
8105.85,8112.55,8053.25,127543733,6304.6,8061.3,,220,
8043.85,8046.45,7964.95,126409580,6206.58,7979.1,,221,
7972.5,8022.6,7942.05,127921701,5907.28,7985.75,,222,
7965.1,7970.05,7893.8,110171222,4808.67,7908.25,,223,
7915.05,8044.65,7903.7,122463312,5282.66,8032.85,,224,
8047.55,8100.55,8028.4,130580701,5816.34,8034.85,,225,
8030.6,8111.1,8020.8,183984077,7635.4,8103.6,,226,
8119.65,8197,8114.75,131457250,5800.7,8185.8,,227,
8210.1,8212,8133.8,122016111,5255.49,8179.5,,,1
8196.05,8219.1,8148.6,131186021,6053.67,8192.25,,,2
8202.65,8218.5,8180.9,136476345,6543.13,8190.5,,,3
8226.65,8282.65,8223.7,163957452,8180.68,8273.8,,,4
8281.85,8306.85,8233.25,143689850,7298.74,8243.8,,,5
8259.35,8263,8227.75,102211190,5197.62,8236.05,,,6
8262.7,8293.8,8261,147312927,6904.57,8288.6,,,7
8327.8,8389,8322.25,192285417,8938.68,8380.65,,,8
8391.05,8417.2,8382.3,177948383,7359.24,8407.2,,,9
8457.65,8461.05,8373.15,190949616,9156.16,8400.35,,,10
8390.95,8426.7,8374.4,127938836,6043.67,8412.8,,,11
8415.05,8440.9,8378.3,125781216,6389.21,8398,,,12
8403.85,8460.3,8397.4,168867039,7411.23,8417,,,13
8418.4,8445.15,8404.05,170956149,7324.14,8435.1,,,14
8404.35,8423.65,8340.95,208901233,9014.51,8349.35,,,15
8329.6,8404.15,8327.2,200993100,8664.94,8391.5,,,16
8407.05,8480.95,8398.15,184745781,8524.17,8475.8,,,17
8499.45,8612.6,8493.95,301490150,13901.89,8602.75,,,18
8610.5,8672.7,8606.9,283905821,11568.92,8641.25,,,19
8635.55,8662.6,8617.75,314110760,9333.49,8632.75,,,20
8629.45,8631.75,8552.4,537110119,14721.17,8561.3,,,21
8570.35,8722.4,8537.5,337797412,13494.05,8716.4,,,22
8724.75,8757.6,8685.8,292329202,11555.02,8734.25,,,23
8735.15,8748.25,8707.75,196936238,8193.45,8740.95,,,24
8785.45,8814.1,8770.2,200403782,8701.51,8801.05,,,25
8805.7,8809.3,8741.05,233294532,9060.63,8768.3,,,26
8774.55,8791.25,8715,225485726,9110.24,8769.05,,,27
8795.55,8821.4,8724.1,193282248,8972.67,8778.4,,,28
8812.35,8822.1,8771.2,232947341,10320.17,8793.55,,,29
8819.8,8826.9,8754.2,211180353,8659.48,8805.05,,,30
8819.9,8820.45,8772.5,194133563,8494.44,8792.3,,,31
8778.95,8807.9,8712.85,222828919,10472.37,8724.7,,,32
8739,8783.95,8719.6,190277738,9695.63,8778,,,33
8883.7,8896.45,8804.25,307526025,23432.58,8821.7,,,34
8818.55,8886.25,8809.8,173022362,7833.53,8879.2,,,35
8890.75,8920.8,8860.95,181091326,8863.71,8907.85,,,36
8931.6,8960.75,8905.25,254677956,13514.08,8926.9,,,37
8956.4,8982.15,8927.55,388874096,17243.08,8939.5,,,38
8943.7,8951.8,8888.65,195847099,10388.83,8896.7,,,39
8898.95,8914.75,8867.6,302722890,13819.57,8879.6,,,40
8904.4,8960.8,8898.6,212328974,9681.99,8945.8,,,41
8982.85,8992.5,8879.8,225608140,10075.19,8899.75,,,42
8883.5,8907.1,8860.1,208915878,9783.57,8897.55,,,43
8915.1,8967.8,8914,180194586,8955.06,8963.45,,,44
8977.75,8977.85,8932.8,178827506,8149.28,8946.9,,,45
8950.7,8957.05,8891.95,183325544,9489.36,8924.3,,,46
8914.5,8945.8,8899.5,176810453,8493.21,8927,,,47
8953.7,8975.7,8903.95,157419999,7385.28,8934.55,,,48
9091.65,9122.75,9060.5,278726933,14087.57,9087,,,49
9086.85,9106.55,9075.5,248033251,9671.51,9084.8,,,50
9129.65,9158.45,9128.55,215096446,9275.05,9153.7,,,51
9207.8,9218.4,9147.6,295554265,13226.29,9160.05,,,52
9166.95,9167.6,9116.3,342395900,9251.16,9126.85,,,53
9133.95,9147.75,9087.2,255396073,10191.6,9121.5,,,54
9047.2,9072.9,9019.3,239463699,10065.92,9030.45,,,55
9048.75,9099.05,9048.6,197705274,8699.36,9086.3,,,56
9104,9133.55,9089.4,210021581,8853.03,9108,,,57
9093.45,9094.85,9024.65,209036051,8921.57,9045.2,,,58
9081.5,9110.4,9079.8,188985603,8139.28,9100.8,,,59
9128.7,9153.15,9109.1,250902906,11089.43,9143.8,,,60
9142.6,9183.15,9136.35,333410368,15585.42,9173.75,,,61
9158.9,9191.7,9152.1,196771674,10955.05,9173.75,,,62
9220.6,9245.35,9192.4,143444541,8337.06,9237.85,,,63
9264.4,9273.9,9215.4,190529461,11461.96,9265.15,,,64
9245.8,9267.95,9218.85,191937207,10332.6,9261.95,,,65
9223.7,9250.5,9188.1,195918747,10217.13,9198.3,,,66
9225.6,9225.65,9174.85,139968750,8140.08,9181.45,,,67
9184.55,9242.7,9172.85,206261727,9385.2,9237,,,68
9242.5,9246.4,9161.8,166755013,8412.97,9203.45,,,69
9202.5,9202.65,9144.95,171695600,8908.17,9150.8,,,70
9144.75,9160,9120.25,132244225,6473.27,9139.3,,,71
9163,9217.9,9095.45,179569574,8527.5,9105.15,,,72
9112.2,9120.5,9075.15,179117382,8950.27,9103.5,,,73
9108.1,9143.9,9102.65,175629897,8843.5,9136.4,,,74
9179.1,9183.65,9088.75,159981265,8476.63,9119.4,,,75
9135.35,9225.4,9130.55,172908048,9720.75,9217.95,,,76
9273.05,9309.2,9250.35,173896951,10426.02,9306.6,,,77
9336.2,9367,9301.35,191395120,10483.32,9351.85,,,78
9359.15,9367.15,9322.65,215881711,12910.38,9342.15,,,79
9340.95,9342.65,9282.25,167229353,8673.32,9304.05,,,80
9339.85,9352.55,9269.9,166558241,9110.59,9313.8,,,81
9344.7,9346.3,9298.4,156342492,7975.14,9311.95,,,82
9360.95,9365.65,9323.25,277895923,12379.74,9359.9,,,83
9374.55,9377.1,9272,239133531,10466.68,9285.3,,,84
9311.45,9338.7,9297.95,179709949,8300.22,9314.05,,,85
9337.35,9338.95,9307.7,136417428,7504.66,9316.85,,,86
9339.65,9414.75,9336,157363135,8619.06,9407.3,,,87
9448.6,9450.65,9411.3,176439840,9289.89,9422.4,,,88
9436.65,9437.75,9372.55,159079418,9813.47,9400.9,,,89
9433.55,9449.25,9423.1,145163953,7790.97,9445.4,,,90
9461,9517.2,9456.35,171709433,9209.89,9512.25,,,91
9517.6,9532.6,9486.1,211856040,10726.23,9525.75,,,92
9453.2,9489.1,9418.1,199340647,10782.46,9429.45,,,93
9469.9,9505.75,9390.75,259861396,11544.77,9427.9,,,94
9480.25,9498.65,9427.9,202874757,9432.97,9438.25,,,95
9445.05,9448.05,9370,231345629,11553.27,9386.15,,,96
9410.9,9431.9,9341.65,218265181,11045.95,9360.55,,,97
9384.05,9523.3,9379.2,298147347,16964.26,9509.75,,,98
9507.75,9604.9,9495.4,225647631,11204.36,9595.1,,,99
9560.05,9637.75,9547.7,242266034,12484.61,9604.9,,,100
9590.65,9635.3,9581.2,199894193,9765.4,9624.55,,,101
9636.55,9649.6,9609.25,427053433,19605.94,9621.25,,,102
9603.55,9634.65,9589.9,181533283,9482.61,9616.1,,,103
9657.15,9673.5,9637.45,167195027,8564.3,9653.5,,,104
9656.3,9687.2,9640.7,131685021,7192.24,9675.1,,,105
9704.25,9709.3,9630.2,150379695,8416.55,9637.15,,,106
9663.95,9678.55,9630.55,165669924,8989.36,9663.9,,,107
9682.4,9688.7,9641.5,160165459,8822.63,9647.25,,,108
9638.55,9676.25,9608.15,163897548,9078.71,9668.25,,,109
9646.7,9647.05,9598.5,145786938,7686.89,9616.4,,,110
9615.55,9654.15,9595.4,133734363,7056.83,9606.9,,,111
9621.55,9627.4,9580.45,187378750,10540.68,9618.15,,,112
9617.9,9621.4,9560.8,176423424,9868.08,9578.05,,,113
9595.45,9615.85,9565.5,219808528,11920.62,9588.05,,,114
9626.4,9673.3,9614.9,146146062,8144.36,9657.55,,,115
9670.5,9676.5,9643.75,164437226,8476.67,9653.5,,,116
9648.1,9650.45,9608.6,148490556,8023.4,9633.6,,,117
9642.65,9698.85,9617.75,204888654,10738.45,9630,,,118
9643.25,9647.65,9565.3,180580579,9092.74,9574.95,,,119
9594.05,9615.4,9473.45,209593904,11084.51,9511.4,,,120
9520.2,9522.5,9474.35,177652206,9103.73,9491.25,,,121
9522.95,9575.8,9493.8,267283587,13395.85,9504.1,,,122
9478.5,9535.8,9448.75,185202600,8783.59,9520.9,,,123
9587.95,9624,9543.55,188690599,8720.76,9615,,,124
9645.9,9650.65,9595.5,149313755,7774.69,9613.3,,,125
9619.75,9643.65,9607.35,134849476,7311.1,9637.6,,,126
9653.6,9700.7,9639.95,152001940,7539.21,9674.55,,,127
9670.35,9684.25,9642.65,146232151,8514.53,9665.8,,,128
9719.3,9782.15,9646.45,40142973,1920.78,9771.05,,,129
9797.45,9830.05,9778.85,185322358,9908.41,9786.05,,,130
9807.3,9824.95,9787.7,150045594,7966.44,9816.1,,,131
9855.8,9897.25,9853.45,186866752,10244.56,9891.7,,,132
9913.3,9913.3,9845.45,164456602,9187.71,9886.35,,,133
9908.15,9928.2,9894.7,168596771,8310.48,9915.95,,,134
9832.7,9885.35,9792.05,303007860,13184.22,9827.15,,,135
9855.95,9905.05,9851.65,206376192,10935.6,9899.6,,,136
9920.2,9922.55,9863.45,166083004,8942.56,9873.3,,,137
9899.6,9924.7,9838,193286125,11860.28,9915.25,,,138
9936.8,9982.05,9919.6,179905535,10837.2,9966.4,,,139
10010.55,10011.3,9949.1,191206247,10491.32,9964.55,,,140
9983.65,10025.95,9965.95,203697844,11403.3,10020.65,,,141
10063.25,10114.85,10005.5,296782048,18601.99,10020.55,,,142
9996.55,10026.05,9944.5,197491415,11996.8,10014.5,,,143
10034.7,10085.9,10016.95,245096535,13131.89,10077.1,,,144
10101.05,10128.6,10065.75,190000516,11515.29,10114.65,,,145
10136.3,10137.85,10054.2,166463276,9165.92,10081.5,,,146
10081.15,10081.15,9998.25,198665837,10714.1,10013.65,,,147
10008.6,10075.25,9988.35,184082134,10397.88,10066.4,,,148
10074.8,10088.1,10046.35,141566282,7827.95,10057.4,,,149
10068.35,10083.8,9947,209645343,10780.41,9978.55,,,150
9961.15,9969.8,9893.05,174395293,8831.72,9908.05,,,151
9872.85,9892.65,9776.2,242820594,12040.13,9820.25,,,152
9712.15,9771.65,9685.55,294732998,13435.56,9710.8,,,153
9755.75,9818.3,9752.1,201613585,9486.82,9794.15,,,154
9825.85,9903.95,9773.85,226269013,10815.38,9897.3,,,155
9945.55,9947.8,9883.75,203652311,9927.47,9904.15,,,156
9865.95,9865.95,9783.65,253931517,15636.16,9837.4,,,157
9864.25,9884.35,9740.1,211627775,11764,9754.35,,,158
9815.75,9828.45,9752.6,189267122,9850.89,9765.55,,,159
9803.05,9857.9,9786.75,173815509,9961.13,9852.5,,,160
9881.2,9881.5,9848.85,190398702,10392.63,9857.05,,,161
9907.15,9925.75,9882,164493772,9900.06,9912.8,,,162
9886.4,9887.35,9783.75,178668444,8469.09,9796.05,,,163
9859.5,9909.45,9850.8,162704136,8008.72,9884.4,,,164
9905.7,9925.1,9856.95,337782004,14619.43,9917.9,,,165
9937.65,9983.45,9909.85,162730656,9314.82,9974.4,,,166
9984.15,9988.4,9861,153369495,8069.64,9912.85,,,167
9933.25,9963.1,9901.05,143522342,7566.62,9952.2,,,168
9899.25,9931.55,9882.55,153767846,8926.98,9916.2,,,169
9945.85,9964.85,9917.2,194626599,9455.48,9929.9,,,170
9958.65,9963.6,9913.3,168698771,8792.49,9934.8,,,171
9971.75,10028.65,9968.8,178409875,9545.94,10006.05,,,172
10056.85,10097.55,10028.05,188248293,9894.2,10093.05,,,173
10099.25,10131.95,10063.15,221608053,10682.41,10079.3,,,174
10107.4,10126.5,10070.35,232637517,11047.46,10086.6,,,175
10062.35,10115.15,10043.65,274799134,13650.9,10085.4,,,176
10133.1,10171.7,10131.3,160852680,8106.66,10153.1,,,177
10175.6,10178.95,10129.95,193345992,8796.21,10147.55,,,178
10160.95,10171.05,10134.2,205605243,10105.71,10141.15,,,179
10139.6,10158.9,10058.6,197710666,11114.28,10121.9,,,180
10094.35,10095.05,9952.8,233621596,11941.88,9964.4,,,181
9960.1,9960.5,9816.05,228206970,11258.68,9872.6,,,182
9875.25,9891.35,9813,196792799,9754.02,9871.5,,,183
9920.6,9921.05,9714.4,206305991,10127.39,9735.75,,,184
9736.4,9789.2,9687.55,396874518,18962.4,9768.95,,,185
9814.3,9854,9775.35,202350211,11087.11,9788.6,,,186
9893.3,9895.4,9831.05,167833406,9698.55,9859.5,,,187
9884.35,9938.3,9850.65,160993982,8790.29,9914.9,,,188
9927,9945.95,9881.85,152362417,7823.55,9888.7,,,189
9908.15,9989.35,9906.6,201858899,9986.18,9979.7,,,190
9988.2,10015.75,9959.45,148395842,7425.19,9988.75,,,191
10013.7,10034,10002.3,153246570,8055.5,10016.95,,,192
10042.6,10067.25,9955.8,195593061,10227.9,9984.8,,,193
10011.2,10104.45,9977.1,207106672,10579.8,10096.4,,,194
10123.7,10191.9,10120.1,237230047,12379.8,10167.45,,,195
10207.4,10242.95,10175.1,209327364,11774.68,10230.85,,,196
10227.65,10251.85,10212.6,201782377,10422.81,10234.45,,,197
10209.4,10236.45,10175.75,262111790,13177.83,10210.85,,,198
10210.35,10211.95,10123.35,31086379,1685.16,10146.55,,,199
10176.65,10224.15,10124.5,224799211,12144.31,10184.85,,,200
10218.55,10237.75,10182.4,223914325,11539.73,10207.7,,,201
10321.15,10340.55,10240.9,612620774,25922.51,10295.35,,,202
10291.8,10355.65,10271.85,443036008,23135.46,10343.8,,,203
10362.3,10366.15,10311.3,322411410,15149.9,10323.05,,,204
10353.85,10384.5,10344.3,244193178,12558.7,10363.65,,,205
10364.9,10367.7,10323.95,239809700,12830.06,10335.3,,,206
